Title,Media URL,Pinterest board,Thumbnail,Description,Link,Publish date,Keywords
"Halfeti de Penhaligon's : notes, avis et parfums similaires",https://perfumdle.com/pins/penhaligons-halfeti.jpg,"Parfums mixtes : notes, avis et parfums similaires",,"Rose noire, safran et cuir fumé : la route des épices passée par une maison londonienne. Halfeti (Penhaligon's, 2015). Notes : pamplemousse, bergamote, safran, cardamome, cyprès, rose. Pyramide olfactive complète, avis et parfums qui lui ressemblent.",https://perfumdle.com/fr/parfum/penhaligons-halfeti/,2026-11-17T08:00:00,"penhaligon's, parfum, notes de parfum, avis parfum, pamplemousse, bergamote, safran"
"Blenheim Bouquet de Penhaligon's : notes, avis et parfums similaires",https://perfumdle.com/pins/penhaligons-blenheim-bouquet.jpg,"Parfums homme : notes, avis et parfums similaires",,"Citron, lavande et aiguilles de pin : l’élégance d’un gentleman anglais de 1902. Blenheim Bouquet (Penhaligon's, 1902). Notes : citron, citron vert, lavande, pin, poivre, musc. Pyramide olfactive complète, avis et parfums qui lui ressemblent.",https://perfumdle.com/fr/parfum/penhaligons-blenheim-bouquet/,2026-11-17T11:00:00,"penhaligon's, parfum, notes de parfum, avis parfum, citron, citron vert, lavande"
"Cedrat Boise de Mancera : notes, avis et parfums similaires",https://perfumdle.com/pins/mancera-cedrat-boise.jpg,"Parfums mixtes : notes, avis et parfums similaires",,"Citron, cassis et cuir boisé : une fraîcheur fruitée qui tient la distance. Cedrat Boise (Mancera, 2011). Notes : citron, cassis, bergamote, patchouli, jasmin, cèdre. Pyramide olfactive complète, avis et parfums qui lui ressemblent.",https://perfumdle.com/fr/parfum/mancera-cedrat-boise/,2026-11-17T14:00:00,"mancera, parfum, notes de parfum, avis parfum, citron, cassis, bergamote"
"Instant Crush de Mancera : notes, avis et parfums similaires",https://perfumdle.com/pins/mancera-instant-crush.jpg,"Parfums mixtes : notes, avis et parfums similaires",,"Safran, gingembre et rose sur un bois ambré : un coup de foudre sucré et très tenace. Instant Crush (Mancera, 2019). Notes : safran, gingembre, bergamote, mandarine, rose, jasmin. Pyramide olfactive complète, avis et parfums qui lui ressemblent.",https://perfumdle.com/fr/parfum/mancera-instant-crush/,2026-11-17T18:00:00,"mancera, parfum, notes de parfum, avis parfum, safran, gingembre, bergamote"
"Intense Cafe de Montale : notes, avis et parfums similaires",https://perfumdle.com/pins/montale-intense-cafe.jpg,"Parfums mixtes : notes, avis et parfums similaires",,"Rose et café torréfié dans un nuage de vanille : un gourmand floral dense et tenace. Intense Cafe (Montale, 2013). Notes : notes florales, rose, café, vanille, musc, ambre. Pyramide olfactive complète, avis et parfums qui lui ressemblent.",https://perfumdle.com/fr/parfum/montale-intense-cafe/,2026-11-17T21:00:00,"montale, parfum, notes de parfum, avis parfum, notes florales, rose, café"
"Black Aoud de Montale : notes, avis et parfums similaires",https://perfumdle.com/pins/montale-black-aoud.jpg,"Parfums homme : notes, avis et parfums similaires",,"Rose et oud sur un lit de patchouli : une matière brute, sombre et sans compromis. Black Aoud (Montale, 2006). Notes : bergamote, pamplemousse, patchouli, rose, labdanum, oud. Pyramide olfactive complète, avis et parfums qui lui ressemblent.",https://perfumdle.com/fr/parfum/montale-black-aoud/,2026-11-18T08:00:00,"montale, parfum, notes de parfum, avis parfum, bergamote, pamplemousse, patchouli"
"Philosykos de Diptyque : notes, avis et parfums similaires",https://perfumdle.com/pins/diptyque-philosykos.jpg,"Parfums mixtes : notes, avis et parfums similaires",,"Feuille de figuier froissée, lait de coco et bois sec : tout l’arbre en une goutte. Philosykos (Diptyque, 1996). Notes : feuille de figuier, figue, notes vertes, noix de coco, figuier, notes boisées. Pyramide olfactive complète, avis et parfums qui lui ressemblent.",https://perfumdle.com/fr/parfum/diptyque-philosykos/,2026-11-18T11:00:00,"diptyque, parfum, notes de parfum, avis parfum, feuille de figuier, figue, notes vertes"
"Tam Dao de Diptyque : notes, avis et parfums similaires",https://perfumdle.com/pins/diptyque-tam-dao.jpg,"Parfums mixtes : notes, avis et parfums similaires",,"Un santal lacté et crémeux, adossé au cyprès : le calme d’un temple en bois. Tam Dao (Diptyque, 2003). Notes : cyprès d'italie, myrte, rose, santal, cèdre, bois de rose du brésil. Pyramide olfactive complète, avis et parfums qui lui ressemblent.",https://perfumdle.com/fr/parfum/diptyque-tam-dao/,2026-11-18T14:00:00,"diptyque, parfum, notes de parfum, avis parfum, cyprès d'italie, myrte, rose"
"Do Son de Diptyque : notes, avis et parfums similaires",https://perfumdle.com/pins/diptyque-do-son.jpg,"Parfums femme : notes, avis et parfums similaires",,"Une tubéreuse iodée portée par la brise d’une plage vietnamienne. Do Son (Diptyque, 2005). Notes : fleur d'oranger, iris, rose, tubéreuse, baies roses, benjoin. Pyramide olfactive complète, avis et parfums qui lui ressemblent.",https://perfumdle.com/fr/parfum/diptyque-do-son/,2026-11-18T18:00:00,"diptyque, parfum, notes de parfum, avis parfum, fleur d'oranger, iris, rose"
"L'Ombre dans l'Eau de Diptyque : notes, avis et parfums similaires",https://perfumdle.com/pins/diptyque-lombre-dans-leau.jpg,"Parfums femme : notes, avis et parfums similaires",,"Feuille de cassis écrasée et rose fraîche : un jardin ombragé au bord de l’eau. L'Ombre dans l'Eau (Diptyque, 1983). Notes : feuille de cassis, bergamote, rose, cassis, ambre gris, musc. Pyramide olfactive complète, avis et parfums qui lui ressemblent.",https://perfumdle.com/fr/parfum/diptyque-lombre-dans-leau/,2026-11-18T21:00:00,"diptyque, parfum, notes de parfum, avis parfum, feuille de cassis, bergamote, rose"
"Grand Soir de Maison Francis Kurkdjian : notes, avis et parfums similaires",https://perfumdle.com/pins/maison-francis-kurkdjian-grand-soir.jpg,"Parfums mixtes : notes, avis et parfums similaires",,"Labdanum, benjoin et vanille : l’ambre pur, doré comme les lumières de Paris un soir d’hiver. Grand Soir (Maison Francis Kurkdjian, 2016). Notes : labdanum, benjoin, ambre, vanille, fève tonka. Pyramide olfactive complète, avis et parfums qui lui ressemblent.",https://perfumdle.com/fr/parfum/maison-francis-kurkdjian-grand-soir/,2026-11-19T08:00:00,"maison francis kurkdjian, parfum, notes de parfum, avis parfum, labdanum, benjoin, ambre"
"Baccarat Rouge 540 Extrait de Maison Francis Kurkdjian : notes, avis et parfums similaires",https://perfumdle.com/pins/maison-francis-kurkdjian-baccarat-rouge-540-extrait.jpg,"Parfums mixtes : notes, avis et parfums similaires",,"Amande amère, safran et jasmin d’Égypte : Baccarat Rouge dans sa version la plus dense. Baccarat Rouge 540 Extrait (Maison Francis Kurkdjian, 2017). Notes : amande, safran, jasmin, cèdre, ambre gris, résine de sapin. Pyramide olfactive complète, avis et parfums qui lui ressemblent.",https://perfumdle.com/fr/parfum/maison-francis-kurkdjian-baccarat-rouge-540-extrait/,2026-11-19T11:00:00,"maison francis kurkdjian, parfum, notes de parfum, avis parfum, amande, safran, jasmin"
"Petit Matin de Maison Francis Kurkdjian : notes, avis et parfums similaires",https://perfumdle.com/pins/maison-francis-kurkdjian-petit-matin.jpg,"Parfums mixtes : notes, avis et parfums similaires",,"Citron, fleur d’oranger et lavandin : la lumière d’un matin d’été sur des draps propres. Petit Matin (Maison Francis Kurkdjian, 2016). Notes : citron, bergamote, fleur d'oranger, lavandin, musc, ambroxan. Pyramide olfactive complète, avis et parfums qui lui ressemblent.",https://perfumdle.com/fr/parfum/maison-francis-kurkdjian-petit-matin/,2026-11-19T14:00:00,"maison francis kurkdjian, parfum, notes de parfum, avis parfum, citron, bergamote, fleur d'oranger"
"Bergamote 22 de Le Labo : notes, avis et parfums similaires",https://perfumdle.com/pins/le-labo-bergamote-22.jpg,"Parfums mixtes : notes, avis et parfums similaires",,"Une bergamote qui refuse de s’évaporer, ancrée dans le vétiver et les muscs. Bergamote 22 (Le Labo, 2006). Notes : petitgrain, bergamote, pamplemousse, noix de muscade, fleur d'oranger, musc. Pyramide olfactive complète, avis et parfums qui lui ressemblent.",https://perfumdle.com/fr/parfum/le-labo-bergamote-22/,2026-11-19T18:00:00,"le labo, parfum, notes de parfum, avis parfum, petitgrain, bergamote, pamplemousse"
"Carnal Flower de Frédéric Malle : notes, avis et parfums similaires",https://perfumdle.com/pins/editions-de-parfums-frederic-malle-carnal-flower.jpg,"Parfums mixtes : notes, avis et parfums similaires",,"Une tubéreuse vivante, verte et charnelle, rafraîchie d’eucalyptus et de melon. Carnal Flower (Frédéric Malle, 2005). Notes : bergamote, melon, eucalyptus, tubéreuse, ylang-ylang, jasmin. Pyramide olfactive complète, avis et parfums qui lui ressemblent.",https://perfumdle.com/fr/parfum/editions-de-parfums-frederic-malle-carnal-flower/,2026-11-19T21:00:00,"frédéric malle, parfum, notes de parfum, avis parfum, bergamote, melon, eucalyptus"
"Love Don't Be Shy de By Kilian : notes, avis et parfums similaires",https://perfumdle.com/pins/by-kilian-love-dont-be-shy.jpg,"Parfums femme : notes, avis et parfums similaires",,"Fleur d’oranger et guimauve caramélisée : une douceur qui frôle la confiserie. Love Don't Be Shy (By Kilian, 2007). Notes : bergamote, baies roses, néroli, chèvrefeuille, iris, jasmin. Pyramide olfactive complète, avis et parfums qui lui ressemblent.",https://perfumdle.com/fr/parfum/by-kilian-love-dont-be-shy/,2026-11-20T08:00:00,"by kilian, parfum, notes de parfum, avis parfum, bergamote, baies roses, néroli"
"Hacivat de Nishane : notes, avis et parfums similaires",https://perfumdle.com/pins/nishane-hacivat.jpg,"Parfums mixtes : notes, avis et parfums similaires",,"Ananas et mousse de chêne, taillés à la serpe dans une concentration extrait. Hacivat (Nishane, 2017). Notes : ananas, pamplemousse, bergamote, cèdre, patchouli, jasmin. Pyramide olfactive complète, avis et parfums qui lui ressemblent.",https://perfumdle.com/fr/parfum/nishane-hacivat/,2026-11-20T11:00:00,"nishane, parfum, notes de parfum, avis parfum, ananas, pamplemousse, bergamote"
"Ani de Nishane : notes, avis et parfums similaires",https://perfumdle.com/pins/nishane-ani.jpg,"Parfums mixtes : notes, avis et parfums similaires",,"Gingembre, cardamome et vanille : un oriental épicé et crémeux, plein de lumière. Ani (Nishane, 2019). Notes : citron, gingembre, bergamote, cardamome, baies roses, lavande. Pyramide olfactive complète, avis et parfums qui lui ressemblent.",https://perfumdle.com/fr/parfum/nishane-ani/,2026-11-20T14:00:00,"nishane, parfum, notes de parfum, avis parfum, citron, gingembre, bergamote"
"Kirke de Tiziana Terenzi : notes, avis et parfums similaires",https://perfumdle.com/pins/tiziana-terenzi-kirke.jpg,"Parfums mixtes : notes, avis et parfums similaires",,"Fruit de la passion, pêche et cassis sur musc : un cocktail tropical aux allures de sirène. Kirke (Tiziana Terenzi, 2015). Notes : fruit de la passion, pêche, poire, framboise, cassis, muguet. Pyramide olfactive complète, avis et parfums qui lui ressemblent.",https://perfumdle.com/fr/parfum/tiziana-terenzi-kirke/,2026-11-20T18:00:00,"tiziana terenzi, parfum, notes de parfum, avis parfum, fruit de la passion, pêche, poire"
"Tuscan Leather de Tom Ford : notes, avis et parfums similaires",https://perfumdle.com/pins/tom-ford-tuscan-leather.jpg,"Parfums mixtes : notes, avis et parfums similaires",,"Framboise, safran et cuir brut : l’odeur d’une sellerie florentine. Tuscan Leather (Tom Ford, 2007). Notes : framboise, safran, thym, encens, jasmin, cuir. Pyramide olfactive complète, avis et parfums qui lui ressemblent.",https://perfumdle.com/fr/parfum/tom-ford-tuscan-leather/,2026-11-20T21:00:00,"tom ford, parfum, notes de parfum, avis parfum, framboise, safran, thym"
"Bitter Peach de Tom Ford : notes, avis et parfums similaires",https://perfumdle.com/pins/tom-ford-bitter-peach.jpg,"Parfums mixtes : notes, avis et parfums similaires",,"Une pêche charnue arrosée de rhum et de cognac, fondue dans la vanille. Bitter Peach (Tom Ford, 2020). Notes : pêche, orange sanguine, cardamome, héliotrope, rhum, cognac. Pyramide olfactive complète, avis et parfums qui lui ressemblent.",https://perfumdle.com/fr/parfum/tom-ford-bitter-peach/,2026-11-21T08:00:00,"tom ford, parfum, notes de parfum, avis parfum, pêche, orange sanguine, cardamome"
"Rose Prick de Tom Ford : notes, avis et parfums similaires",https://perfumdle.com/pins/tom-ford-rose-prick.jpg,"Parfums mixtes : notes, avis et parfums similaires",,"Une rose aux épines de poivre du Sichuan et de curcuma, sur un patchouli velouté. Rose Prick (Tom Ford, 2020). Notes : poivre du sichuan, curcuma, rose, patchouli, fève tonka. Pyramide olfactive complète, avis et parfums qui lui ressemblent.",https://perfumdle.com/fr/parfum/tom-ford-rose-prick/,2026-11-21T11:00:00,"tom ford, parfum, notes de parfum, avis parfum, poivre du sichuan, curcuma, rose"
"Fucking Fabulous de Tom Ford : notes, avis et parfums similaires",https://perfumdle.com/pins/tom-ford-fucking-fabulous.jpg,"Parfums mixtes : notes, avis et parfums similaires",,"Cuir, amande amère et sauge sclarée : un luxe insolent, entre tannerie et crème à l’iris. Fucking Fabulous (Tom Ford, 2017). Notes : sauge sclarée, lavande, amande, cuir, vanille, iris. Pyramide olfactive complète, avis et parfums qui lui ressemblent.",https://perfumdle.com/fr/parfum/tom-ford-fucking-fabulous/,2026-11-21T14:00:00,"tom ford, parfum, notes de parfum, avis parfum, sauge sclarée, lavande, amande"
"Tobacco Oud de Tom Ford : notes, avis et parfums similaires",https://perfumdle.com/pins/tom-ford-tobacco-oud.jpg,"Parfums mixtes : notes, avis et parfums similaires",,"Whisky, tabac et oud fumé : un salon de club anglais au coin du feu. Tobacco Oud (Tom Ford, 2013). Notes : whisky, cannelle, tabac, oud, benjoin, santal. Pyramide olfactive complète, avis et parfums qui lui ressemblent.",https://perfumdle.com/fr/parfum/tom-ford-tobacco-oud/,2026-11-21T18:00:00,"tom ford, parfum, notes de parfum, avis parfum, whisky, cannelle, tabac"
"Royal Oud de Creed : notes, avis et parfums similaires",https://perfumdle.com/pins/creed-royal-oud.jpg,"Parfums mixtes : notes, avis et parfums similaires",,"Un oud policé, adouci de cèdre et d’angélique : le bois précieux en version sobre. Royal Oud (Creed, 2011). Notes : citron, baies roses, bergamote, cèdre, galbanum, racine d'angélique. Pyramide olfactive complète, avis et parfums qui lui ressemblent.",https://perfumdle.com/fr/parfum/creed-royal-oud/,2026-11-21T21:00:00,"creed, parfum, notes de parfum, avis parfum, citron, baies roses, bergamote"
"Millesime Imperial de Creed : notes, avis et parfums similaires",https://perfumdle.com/pins/creed-millesime-imperial.jpg,"Parfums mixtes : notes, avis et parfums similaires",,"Agrumes verts et sel marin sur un iris ensoleillé : une plage de luxe en flacon. Millesime Imperial (Creed, 1995). Notes : bergamote, mandarine verte, citron, sel marin, iris, santal. Pyramide olfactive complète, avis et parfums qui lui ressemblent.",https://perfumdle.com/fr/parfum/creed-millesime-imperial/,2026-11-22T08:00:00,"creed, parfum, notes de parfum, avis parfum, bergamote, mandarine verte, citron"
"Blanche de Byredo : notes, avis et parfums similaires",https://perfumdle.com/pins/byredo-blanche.jpg,"Parfums femme : notes, avis et parfums similaires",,"Aldéhydes, pivoine et musc blanc : l’odeur exacte du linge propre séché au soleil. Blanche (Byredo, 2009). Notes : aldéhydes, baies roses, pivoine, violette, rose, musc. Pyramide olfactive complète, avis et parfums qui lui ressemblent.",https://perfumdle.com/fr/parfum/byredo-blanche/,2026-11-22T11:00:00,"byredo, parfum, notes de parfum, avis parfum, aldéhydes, baies roses, pivoine"
"Rose of No Man's Land de Byredo : notes, avis et parfums similaires",https://perfumdle.com/pins/byredo-rose-of-no-mans-land.jpg,"Parfums mixtes : notes, avis et parfums similaires",,"Rose turque, poivre rose et papyrus : une rose sèche et lumineuse, en hommage aux soignantes. Rose of No Man's Land (Byredo, 2015). Notes : baies roses, pétales de rose de turquie, rose, fleur de framboisier, papyrus, ambre. Pyramide olfactive complète, avis et parfums qui lui ressemblent.",https://perfumdle.com/fr/parfum/byredo-rose-of-no-mans-land/,2026-11-22T14:00:00,"byredo, parfum, notes de parfum, avis parfum, baies roses, pétales de rose de turquie, rose"
"Super Cedar de Byredo : notes, avis et parfums similaires",https://perfumdle.com/pins/byredo-super-cedar.jpg,"Parfums mixtes : notes, avis et parfums similaires",,"Un cèdre blond et rosé, adouci de musc, comme un crayon fraîchement taillé. Super Cedar (Byredo, 2016). Notes : rose, cèdre, vétiver, musc. Pyramide olfactive complète, avis et parfums qui lui ressemblent.",https://perfumdle.com/fr/parfum/byredo-super-cedar/,2026-11-22T18:00:00,"byredo, parfum, notes de parfum, avis parfum, rose, cèdre, vétiver"
"Replica Lazy Sunday Morning de Maison Margiela : notes, avis et parfums similaires",https://perfumdle.com/pins/maison-margiela-replica-lazy-sunday-morning.jpg,"Parfums mixtes : notes, avis et parfums similaires",,"Muscs blancs, iris et aldéhydes : l’odeur d’un matin paresseux dans des draps de coton. Replica Lazy Sunday Morning (Maison Margiela, 2013). Notes : aldéhydes, poire, muguet, fleur d'oranger, rose, iris. Pyramide olfactive complète, avis et parfums qui lui ressemblent.",https://perfumdle.com/fr/parfum/maison-margiela-replica-lazy-sunday-morning/,2026-11-22T21:00:00,"maison margiela, parfum, notes de parfum, avis parfum, aldéhydes, poire, muguet"
"Replica Bubble Bath de Maison Margiela : notes, avis et parfums similaires",https://perfumdle.com/pins/maison-margiela-replica-bubble-bath.jpg,"Parfums mixtes : notes, avis et parfums similaires",,"La mousse d’un bain chaud, savonneuse et tendre, parfumée de lavande et de coco. Replica Bubble Bath (Maison Margiela, 2020). Notes : savon, bergamote, lavande, jasmin, rose, musc. Pyramide olfactive complète, avis et parfums qui lui ressemblent.",https://perfumdle.com/fr/parfum/maison-margiela-replica-bubble-bath/,2026-11-23T08:00:00,"maison margiela, parfum, notes de parfum, avis parfum, savon, bergamote, lavande"
"Replica Coffee Break de Maison Margiela : notes, avis et parfums similaires",https://perfumdle.com/pins/maison-margiela-replica-coffee-break.jpg,"Parfums mixtes : notes, avis et parfums similaires",,"Café au lait, lavande et vanille : une pause réconfortante, mousseuse et douce. Replica Coffee Break (Maison Margiela, 2019). Notes : poivre, fleur d'oranger, patchouli, lavande, café, lait. Pyramide olfactive complète, avis et parfums qui lui ressemblent.",https://perfumdle.com/fr/parfum/maison-margiela-replica-coffee-break/,2026-11-23T11:00:00,"maison margiela, parfum, notes de parfum, avis parfum, poivre, fleur d'oranger, patchouli"
"Daisy de Marc Jacobs : notes, avis et parfums similaires",https://perfumdle.com/pins/marc-jacobs-daisy.jpg,"Parfums femme : notes, avis et parfums similaires",,"Feuille de violette, fraise et pamplemousse sanguin : un pique-nique printanier dans une prairie. Daisy (Marc Jacobs, 2007). Notes : feuille de violette, pamplemousse sanguin, fraise, violette, gardénia, jasmin. Pyramide olfactive complète, avis et parfums qui lui ressemblent.",https://perfumdle.com/fr/parfum/marc-jacobs-daisy/,2026-11-23T14:00:00,"marc jacobs, parfum, notes de parfum, avis parfum, feuille de violette, pamplemousse sanguin, fraise"
"Decadence de Marc Jacobs : notes, avis et parfums similaires",https://perfumdle.com/pins/marc-jacobs-decadence.jpg,"Parfums femme : notes, avis et parfums similaires",,"Prune, safran et iris sur fond de liquidambar : un chic sombre en sac du soir. Decadence (Marc Jacobs, 2015). Notes : prune, safran, iris, jasmin, rose, vétiver. Pyramide olfactive complète, avis et parfums qui lui ressemblent.",https://perfumdle.com/fr/parfum/marc-jacobs-decadence/,2026-11-23T18:00:00,"marc jacobs, parfum, notes de parfum, avis parfum, prune, safran, iris"
"Dylan Blue Pour Homme de Versace : notes, avis et parfums similaires",https://perfumdle.com/pins/versace-dylan-blue-pour-homme.jpg,"Parfums homme : notes, avis et parfums similaires",,"Agrumes, feuille de figuier et encens : une fraîcheur bleue au fond fumé et ambré. Dylan Blue Pour Homme (Versace, 2016). Notes : bergamote, pamplemousse, feuille de figuier, notes aquatiques, feuille de violette, papyrus. Pyramide olfactive complète, avis et parfums qui lui ressemblent.",https://perfumdle.com/fr/parfum/versace-dylan-blue-pour-homme/,2026-11-23T21:00:00,"versace, parfum, notes de parfum, avis parfum, bergamote, pamplemousse, feuille de figuier"
"Yellow Diamond de Versace : notes, avis et parfums similaires",https://perfumdle.com/pins/versace-yellow-diamond.jpg,"Parfums femme : notes, avis et parfums similaires",,"Un sorbet de poire et d’agrumes, pétillant comme la lumière dans un diamant jaune. Yellow Diamond (Versace, 2011). Notes : citron, bergamote, néroli, sorbet à la poire, fleur d'oranger, freesia. Pyramide olfactive complète, avis et parfums qui lui ressemblent.",https://perfumdle.com/fr/parfum/versace-yellow-diamond/,2026-11-24T08:00:00,"versace, parfum, notes de parfum, avis parfum, citron, bergamote, néroli"
"Crystal Noir de Versace : notes, avis et parfums similaires",https://perfumdle.com/pins/versace-crystal-noir.jpg,"Parfums femme : notes, avis et parfums similaires",,"Gardénia, noix de coco et épices : un floral oriental crémeux, sombre et envoûtant. Crystal Noir (Versace, 2004). Notes : poivre, gingembre, cardamome, noix de coco, gardénia, fleur d'oranger. Pyramide olfactive complète, avis et parfums qui lui ressemblent.",https://perfumdle.com/fr/parfum/versace-crystal-noir/,2026-11-24T11:00:00,"versace, parfum, notes de parfum, avis parfum, poivre, gingembre, cardamome"
"Dylan Turquoise de Versace : notes, avis et parfums similaires",https://perfumdle.com/pins/versace-dylan-turquoise.jpg,"Parfums femme : notes, avis et parfums similaires",,"Goyave, citron et bois clair : une eau de vacances turquoise, lumineuse comme une crique grecque. Dylan Turquoise (Versace, 2020). Notes : citron, mandarine, baies roses, goyave, freesia, cassis. Pyramide olfactive complète, avis et parfums qui lui ressemblent.",https://perfumdle.com/fr/parfum/versace-dylan-turquoise/,2026-11-24T14:00:00,"versace, parfum, notes de parfum, avis parfum, citron, mandarine, baies roses"
"212 VIP de Carolina Herrera : notes, avis et parfums similaires",https://perfumdle.com/pins/carolina-herrera-212-vip.jpg,"Parfums femme : notes, avis et parfums similaires",,"Fruit de la passion, gardénia et vanille musquée : l’esprit d’une soirée new-yorkaise. 212 VIP (Carolina Herrera, 2010). Notes : fruit de la passion, orange amère, gardénia, musc, vanille, fève tonka. Pyramide olfactive complète, avis et parfums qui lui ressemblent.",https://perfumdle.com/fr/parfum/carolina-herrera-212-vip/,2026-11-24T18:00:00,"carolina herrera, parfum, notes de parfum, avis parfum, fruit de la passion, orange amère, gardénia"
"Good Girl Supreme de Carolina Herrera : notes, avis et parfums similaires",https://perfumdle.com/pins/carolina-herrera-good-girl-supreme.jpg,"Parfums femme : notes, avis et parfums similaires",,"Fruits rouges et tubéreuse sur tonka : la gourmandise florale de Good Girl, plus fruitée. Good Girl Supreme (Carolina Herrera, 2020). Notes : fruits des bois, jasmin, fève tonka, tubéreuse, vétiver. Pyramide olfactive complète, avis et parfums qui lui ressemblent.",https://perfumdle.com/fr/parfum/carolina-herrera-good-girl-supreme/,2026-11-24T21:00:00,"carolina herrera, parfum, notes de parfum, avis parfum, fruits des bois, jasmin, fève tonka"
"Uomo Born in Roma de Valentino : notes, avis et parfums similaires",https://perfumdle.com/pins/valentino-uomo-born-in-roma.jpg,"Parfums homme : notes, avis et parfums similaires",,"Sel minéral, feuille de violette et gingembre : un boisé moderne, salé et fumé. Uomo Born in Roma (Valentino, 2019). Notes : notes minérales, feuille de violette, sel, gingembre, sauge, notes boisées. Pyramide olfactive complète, avis et parfums qui lui ressemblent.",https://perfumdle.com/fr/parfum/valentino-uomo-born-in-roma/,2026-11-25T08:00:00,"valentino, parfum, notes de parfum, avis parfum, notes minérales, feuille de violette, sel"
"Valentino Uomo : notes, avis et parfums similaires",https://perfumdle.com/pins/valentino-valentino-uomo.jpg,"Parfums homme : notes, avis et parfums similaires",,"Noisette grillée, cuir et chocolat : un masculin gourmand qui sent le café d’un palais romain. Valentino Uomo (Valentino, 2014). Notes : bergamote, myrte, noisette, cuir, cèdre, chocolat. Pyramide olfactive complète, avis et parfums qui lui ressemblent.",https://perfumdle.com/fr/parfum/valentino-valentino-uomo/,2026-11-25T11:00:00,"valentino, parfum, notes de parfum, avis parfum, bergamote, myrte, noisette"
"Coromandel de Chanel : notes, avis et parfums similaires",https://perfumdle.com/pins/chanel-coromandel.jpg,"Parfums mixtes : notes, avis et parfums similaires",,"Un patchouli poudré de benjoin et d’encens, comme un paravent de laque noire. Coromandel (Chanel, 2007). Notes : orange amère, néroli, agrumes, patchouli, iris, rose. Pyramide olfactive complète, avis et parfums qui lui ressemblent.",https://perfumdle.com/fr/parfum/chanel-coromandel/,2026-11-25T14:00:00,"chanel, parfum, notes de parfum, avis parfum, orange amère, néroli, agrumes"
"N°22 de Chanel : notes, avis et parfums similaires",https://perfumdle.com/pins/chanel-n-22.jpg,"Parfums femme : notes, avis et parfums similaires",,"Aldéhydes, tubéreuse et encens pâle : un bouquet blanc lumineux, nimbé de poudre. N°22 (Chanel, 1922). Notes : aldéhydes, néroli, muguet, ylang-ylang, jasmin, rose. Pyramide olfactive complète, avis et parfums qui lui ressemblent.",https://perfumdle.com/fr/parfum/chanel-n-22/,2026-11-25T18:00:00,"chanel, parfum, notes de parfum, avis parfum, aldéhydes, néroli, muguet"
"Dior Joy : notes, avis et parfums similaires",https://perfumdle.com/pins/dior-dior-joy.jpg,"Parfums femme : notes, avis et parfums similaires",,"Rose de Grasse, pêche et bois musqués : la joie d’un matin clair, sans ombre ni excès. Dior Joy (Dior, 2018). Notes : bergamote, mandarine, rose de grasse, jasmin, pêche, musc. Pyramide olfactive complète, avis et parfums qui lui ressemblent.",https://perfumdle.com/fr/parfum/dior-dior-joy/,2026-11-25T21:00:00,"dior, parfum, notes de parfum, avis parfum, bergamote, mandarine, rose de grasse"
"Acqua di Gio Absolu de Giorgio Armani : notes, avis et parfums similaires",https://perfumdle.com/pins/giorgio-armani-acqua-di-gio-absolu.jpg,"Parfums homme : notes, avis et parfums similaires",,"L’eau marine d’Acqua di Giò, épaissie de bois, de labdanum et de patchouli. Acqua di Gio Absolu (Giorgio Armani, 2018). Notes : notes marines, bergamote, poire, pomme, lavande, romarin. Pyramide olfactive complète, avis et parfums qui lui ressemblent.",https://perfumdle.com/fr/parfum/giorgio-armani-acqua-di-gio-absolu/,2026-11-26T08:00:00,"giorgio armani, parfum, notes de parfum, avis parfum, notes marines, bergamote, poire"
"K by Dolce & Gabbana : notes, avis et parfums similaires",https://perfumdle.com/pins/dolce-gabbana-k-by-dolce-gabbana.jpg,"Parfums homme : notes, avis et parfums similaires",,"Orange sanguine, genièvre et piment sur vétiver : un masculin sicilien à couronne de roi. K by Dolce & Gabbana (Dolce & Gabbana, 2019). Notes : baies de genièvre, orange sanguine, citron, piment de la jamaïque, lavande, sauge sclarée. Pyramide olfactive complète, avis et parfums qui lui ressemblent.",https://perfumdle.com/fr/parfum/dolce-gabbana-k-by-dolce-gabbana/,2026-11-26T11:00:00,"dolce & gabbana, parfum, notes de parfum, avis parfum, baies de genièvre, orange sanguine, citron"
"The Only One de Dolce & Gabbana : notes, avis et parfums similaires",https://perfumdle.com/pins/dolce-gabbana-the-only-one.jpg,"Parfums femme : notes, avis et parfums similaires",,"Violette, café et iris : une gourmandise poudrée, rétro et sensuelle. The Only One (Dolce & Gabbana, 2018). Notes : violette, bergamote, café, iris, patchouli, vanille. Pyramide olfactive complète, avis et parfums qui lui ressemblent.",https://perfumdle.com/fr/parfum/dolce-gabbana-the-only-one/,2026-11-26T14:00:00,"dolce & gabbana, parfum, notes de parfum, avis parfum, violette, bergamote, café"
"Light Blue Eau Intense de Dolce & Gabbana : notes, avis et parfums similaires",https://perfumdle.com/pins/dolce-gabbana-light-blue-eau-intense.jpg,"Parfums femme : notes, avis et parfums similaires",,"Citron et pomme verte sur bois ambré : la Méditerranée de Light Blue, plus solaire. Light Blue Eau Intense (Dolce & Gabbana, 2017). Notes : citron, pomme granny smith, souci, jasmin, bois ambré, musc. Pyramide olfactive complète, avis et parfums qui lui ressemblent.",https://perfumdle.com/fr/parfum/dolce-gabbana-light-blue-eau-intense/,2026-11-26T18:00:00,"dolce & gabbana, parfum, notes de parfum, avis parfum, citron, pomme granny smith, souci"
"The One for Men de Dolce & Gabbana : notes, avis et parfums similaires",https://perfumdle.com/pins/dolce-gabbana-the-one-for-men.jpg,"Parfums homme : notes, avis et parfums similaires",,"Gingembre, cardamome et ambre : un oriental épicé d’une élégance à l’ancienne. The One for Men (Dolce & Gabbana, 2008). Notes : pamplemousse, coriandre, basilic, gingembre, fleur d'oranger, cardamome. Pyramide olfactive complète, avis et parfums qui lui ressemblent.",https://perfumdle.com/fr/parfum/dolce-gabbana-the-one-for-men/,2026-11-26T21:00:00,"dolce & gabbana, parfum, notes de parfum, avis parfum, pamplemousse, coriandre, basilic"
"L'Interdit Rouge de Givenchy : notes, avis et parfums similaires",https://perfumdle.com/pins/givenchy-linterdit-rouge.jpg,"Parfums femme : notes, avis et parfums similaires",,"Tubéreuse et piment sur fond boisé : L’Interdit relevé d’un éclat rouge et épicé. L'Interdit Rouge (Givenchy, 2021). Notes : gingembre, orange sanguine, tubéreuse, jasmin, piment de la jamaïque, santal. Pyramide olfactive complète, avis et parfums qui lui ressemblent.",https://perfumdle.com/fr/parfum/givenchy-linterdit-rouge/,2026-11-27T08:00:00,"givenchy, parfum, notes de parfum, avis parfum, gingembre, orange sanguine, tubéreuse"
"Alien Goddess de Mugler : notes, avis et parfums similaires",https://perfumdle.com/pins/thierry-mugler-alien-goddess.jpg,"Parfums femme : notes, avis et parfums similaires",,"Eau de coco et jasmin solaire, noyés dans une vanille dorée comme un coucher de soleil. Alien Goddess (Mugler, 2021). Notes : eau de coco, bergamote, jasmin, héliotrope, vanille, cashmeran. Pyramide olfactive complète, avis et parfums qui lui ressemblent.",https://perfumdle.com/fr/parfum/thierry-mugler-alien-goddess/,2026-11-27T11:00:00,"mugler, parfum, notes de parfum, avis parfum, eau de coco, bergamote, jasmin"
"Mugler Cologne : notes, avis et parfums similaires",https://perfumdle.com/pins/thierry-mugler-mugler-cologne.jpg,"Parfums mixtes : notes, avis et parfums similaires",,"Néroli, petit-grain et musc blanc : l’odeur d’une peau propre sortie de la douche. Mugler Cologne (Mugler, 2001). Notes : néroli, bergamote, petitgrain, fleur d'oranger, musc. Pyramide olfactive complète, avis et parfums qui lui ressemblent.",https://perfumdle.com/fr/parfum/thierry-mugler-mugler-cologne/,2026-11-27T14:00:00,"mugler, parfum, notes de parfum, avis parfum, néroli, bergamote, petitgrain"
"Fame de Paco Rabanne : notes, avis et parfums similaires",https://perfumdle.com/pins/paco-rabanne-fame.jpg,"Parfums femme : notes, avis et parfums similaires",,"Mangue juteuse, jasmin et encens : un floral pop et solaire dans un flacon robotique. Fame (Paco Rabanne, 2022). Notes : mangue, bergamote, jasmin, encens, vanille, santal. Pyramide olfactive complète, avis et parfums qui lui ressemblent.",https://perfumdle.com/fr/parfum/paco-rabanne-fame/,2026-11-27T18:00:00,"paco rabanne, parfum, notes de parfum, avis parfum, mangue, bergamote, jasmin"
"1 Million Lucky de Paco Rabanne : notes, avis et parfums similaires",https://perfumdle.com/pins/paco-rabanne-1-million-lucky.jpg,"Parfums homme : notes, avis et parfums similaires",,"Noisette grillée, miel et prune : 1 Million version gourmande et plus légère. 1 Million Lucky (Paco Rabanne, 2018). Notes : pamplemousse, prune, notes ozoniques, noisette, miel, fleur d'oranger. Pyramide olfactive complète, avis et parfums qui lui ressemblent.",https://perfumdle.com/fr/parfum/paco-rabanne-1-million-lucky/,2026-11-27T21:00:00,"paco rabanne, parfum, notes de parfum, avis parfum, pamplemousse, prune, notes ozoniques"
"Invictus Legend de Paco Rabanne : notes, avis et parfums similaires",https://perfumdle.com/pins/paco-rabanne-invictus-legend.jpg,"Parfums homme : notes, avis et parfums similaires",,"Sel marin, laurier et bois de gaïac : une fraîcheur marine assombrie d’ambre. Invictus Legend (Paco Rabanne, 2019). Notes : sel marin, pamplemousse, feuille de laurier, géranium, poivre, bois de gaïac. Pyramide olfactive complète, avis et parfums qui lui ressemblent.",https://perfumdle.com/fr/parfum/paco-rabanne-invictus-legend/,2026-11-28T08:00:00,"paco rabanne, parfum, notes de parfum, avis parfum, sel marin, pamplemousse, feuille de laurier"
"MYSLF de Yves Saint Laurent : notes, avis et parfums similaires",https://perfumdle.com/pins/yves-saint-laurent-myslf.jpg,"Parfums homme : notes, avis et parfums similaires",,"Une fleur d’oranger au masculin, posée sur un bois ambré net et moderne. MYSLF (Yves Saint Laurent, 2023). Notes : bergamote, fleur d'oranger, ambroxan, patchouli. Pyramide olfactive complète, avis et parfums qui lui ressemblent.",https://perfumdle.com/fr/parfum/yves-saint-laurent-myslf/,2026-11-28T11:00:00,"yves saint laurent, parfum, notes de parfum, avis parfum, bergamote, fleur d'oranger, ambroxan"
"Kouros de Yves Saint Laurent : notes, avis et parfums similaires",https://perfumdle.com/pins/yves-saint-laurent-kouros.jpg,"Parfums homme : notes, avis et parfums similaires",,"Aldéhydes, civette et miel : une fougère animale, puissante et sans compromis. Kouros (Yves Saint Laurent, 1981). Notes : aldéhydes, coriandre, sauge sclarée, armoise, bergamote, œillet. Pyramide olfactive complète, avis et parfums qui lui ressemblent.",https://perfumdle.com/fr/parfum/yves-saint-laurent-kouros/,2026-11-28T14:00:00,"yves saint laurent, parfum, notes de parfum, avis parfum, aldéhydes, coriandre, sauge sclarée"
"Libre Intense de Yves Saint Laurent : notes, avis et parfums similaires",https://perfumdle.com/pins/yves-saint-laurent-libre-intense.jpg,"Parfums femme : notes, avis et parfums similaires",,"Lavande et fleur d’oranger noyées de vanille : la liberté en version plus sombre et plus sensuelle. Libre Intense (Yves Saint Laurent, 2020). Notes : mandarine, lavande, fleur d'oranger, jasmin, vanille, fève tonka. Pyramide olfactive complète, avis et parfums qui lui ressemblent.",https://perfumdle.com/fr/parfum/yves-saint-laurent-libre-intense/,2026-11-28T18:00:00,"yves saint laurent, parfum, notes de parfum, avis parfum, mandarine, lavande, fleur d'oranger"
"Polo Red de Ralph Lauren : notes, avis et parfums similaires",https://perfumdle.com/pins/ralph-lauren-polo-red.jpg,"Parfums homme : notes, avis et parfums similaires",,"Pamplemousse rouge, canneberge et safran : un boisé épicé sportif et vif. Polo Red (Ralph Lauren, 2013). Notes : pamplemousse rouge, canneberge, citron, safran, sauge, ambre. Pyramide olfactive complète, avis et parfums qui lui ressemblent.",https://perfumdle.com/fr/parfum/ralph-lauren-polo-red/,2026-11-28T21:00:00,"ralph lauren, parfum, notes de parfum, avis parfum, pamplemousse rouge, canneberge, citron"
"Euphoria de Calvin Klein : notes, avis et parfums similaires",https://perfumdle.com/pins/calvin-klein-euphoria.jpg,"Parfums femme : notes, avis et parfums similaires",,"Grenade, kaki et orchidée noire sur bois d’acajou : une féminité exotique et sombre. Euphoria (Calvin Klein, 2005). Notes : grenade, kaki, notes vertes, orchidée noire, lotus, champaca. Pyramide olfactive complète, avis et parfums qui lui ressemblent.",https://perfumdle.com/fr/parfum/calvin-klein-euphoria/,2026-11-29T08:00:00,"calvin klein, parfum, notes de parfum, avis parfum, grenade, kaki, notes vertes"
"Infusion d'Iris de Prada : notes, avis et parfums similaires",https://perfumdle.com/pins/prada-infusion-diris.jpg,"Parfums femme : notes, avis et parfums similaires",,"Un iris de lin et d’encens, frais comme une église baignée de lumière. Infusion d'Iris (Prada, 2007). Notes : fleur d'oranger, néroli, mandarine, iris, galbanum, cèdre. Pyramide olfactive complète, avis et parfums qui lui ressemblent.",https://perfumdle.com/fr/parfum/prada-infusion-diris/,2026-11-29T11:00:00,"prada, parfum, notes de parfum, avis parfum, fleur d'oranger, néroli, mandarine"
"Luna Rossa Carbon de Prada : notes, avis et parfums similaires",https://perfumdle.com/pins/prada-luna-rossa-carbon.jpg,"Parfums homme : notes, avis et parfums similaires",,"Lavande, bergamote et ambroxan métallique : une fougère moderne, nette comme un circuit. Luna Rossa Carbon (Prada, 2017). Notes : bergamote, poivre, lavande, notes métalliques, ambroxan, patchouli. Pyramide olfactive complète, avis et parfums qui lui ressemblent.",https://perfumdle.com/fr/parfum/prada-luna-rossa-carbon/,2026-11-29T14:00:00,"prada, parfum, notes de parfum, avis parfum, bergamote, poivre, lavande"
"Jour d'Hermes de Hermès : notes, avis et parfums similaires",https://perfumdle.com/pins/hermes-jour-dhermes.jpg,"Parfums femme : notes, avis et parfums similaires",,"Un bouquet de fleurs blanches esquissé à l’aquarelle, avec un zeste d’agrumes. Jour d'Hermes (Hermès, 2013). Notes : pamplemousse, citron, gardénia, pois de senteur, fleurs blanches, musc. Pyramide olfactive complète, avis et parfums qui lui ressemblent.",https://perfumdle.com/fr/parfum/hermes-jour-dhermes/,2026-11-29T18:00:00,"hermès, parfum, notes de parfum, avis parfum, pamplemousse, citron, gardénia"
"White Diamonds de Elizabeth Taylor : notes, avis et parfums similaires",https://perfumdle.com/pins/elizabeth-taylor-white-diamonds.jpg,"Parfums femme : notes, avis et parfums similaires",,"Aldéhydes, tubéreuse et mousse de chêne : un floral blanc opulent, digne d’une star. White Diamonds (Elizabeth Taylor, 1991). Notes : aldéhydes, bergamote, néroli, orange, lys, rose. Pyramide olfactive complète, avis et parfums qui lui ressemblent.",https://perfumdle.com/fr/parfum/elizabeth-taylor-white-diamonds/,2026-11-29T21:00:00,"elizabeth taylor, parfum, notes de parfum, avis parfum, aldéhydes, bergamote, néroli"
"Giorgio de Giorgio Beverly Hills : notes, avis et parfums similaires",https://perfumdle.com/pins/giorgio-beverly-hills-giorgio.jpg,"Parfums femme : notes, avis et parfums similaires",,"Tubéreuse, gardénia et fleur d’oranger à pleine puissance : le glamour tapageur de Rodeo Drive. Giorgio (Giorgio Beverly Hills, 1981). Notes : fleur d'oranger, pêche, bergamote, abricot, ylang-ylang, tubéreuse. Pyramide olfactive complète, avis et parfums qui lui ressemblent.",https://perfumdle.com/fr/parfum/giorgio-beverly-hills-giorgio/,2026-11-30T08:00:00,"giorgio beverly hills, parfum, notes de parfum, avis parfum, fleur d'oranger, pêche, bergamote"
"Fantasy de Britney Spears : notes, avis et parfums similaires",https://perfumdle.com/pins/britney-spears-fantasy.jpg,"Parfums femme : notes, avis et parfums similaires",,"Litchi rouge, cupcake et chocolat blanc : une pâtisserie rose des années 2000. Fantasy (Britney Spears, 2005). Notes : kiwi, litchi rouge, coing, chocolat blanc, cupcake, orchidée. Pyramide olfactive complète, avis et parfums qui lui ressemblent.",https://perfumdle.com/fr/parfum/britney-spears-fantasy/,2026-11-30T11:00:00,"britney spears, parfum, notes de parfum, avis parfum, kiwi, litchi rouge, coing"
"Glow de Jennifer Lopez : notes, avis et parfums similaires",https://perfumdle.com/pins/jennifer-lopez-glow.jpg,"Parfums femme : notes, avis et parfums similaires",,"Néroli, fleur d’oranger et musc propre : l’odeur d’une peau fraîchement douchée. Glow (Jennifer Lopez, 2002). Notes : néroli, fleur d'oranger, pamplemousse, jasmin, rose, tubéreuse. Pyramide olfactive complète, avis et parfums qui lui ressemblent.",https://perfumdle.com/fr/parfum/jennifer-lopez-glow/,2026-11-30T14:00:00,"jennifer lopez, parfum, notes de parfum, avis parfum, néroli, fleur d'oranger, pamplemousse"
"Reb'l Fleur de Rihanna : notes, avis et parfums similaires",https://perfumdle.com/pins/rihanna-rebl-fleur.jpg,"Parfums femme : notes, avis et parfums similaires",,"Fruits rouges, coco et tubéreuse : un cocktail fruité de popstar, sucré et joueur. Reb'l Fleur (Rihanna, 2011). Notes : pêche, prune, fruits rouges, noix de coco, tubéreuse, hibiscus. Pyramide olfactive complète, avis et parfums qui lui ressemblent.",https://perfumdle.com/fr/parfum/rihanna-rebl-fleur/,2026-11-30T18:00:00,"rihanna, parfum, notes de parfum, avis parfum, pêche, prune, fruits rouges"
"Sol Cheirosa 62 de Sol de Janeiro : notes, avis et parfums similaires",https://perfumdle.com/pins/sol-de-janeiro-sol-cheirosa-62.jpg,"Parfums femme : notes, avis et parfums similaires",,"Pistache, caramel salé et vanille : une gourmandise solaire qui sent la plage brésilienne. Sol Cheirosa 62 (Sol de Janeiro, 2020). Notes : pistache, amande, héliotrope, jasmin, caramel, vanille. Pyramide olfactive complète, avis et parfums qui lui ressemblent.",https://perfumdle.com/fr/parfum/sol-de-janeiro-sol-cheirosa-62/,2026-11-30T21:00:00,"sol de janeiro, parfum, notes de parfum, avis parfum, pistache, amande, héliotrope"
"Clementine California de Atelier Cologne : notes, avis et parfums similaires",https://perfumdle.com/pins/atelier-cologne-clementine-california.jpg,"Parfums mixtes : notes, avis et parfums similaires",,"Clémentine gorgée de soleil, basilic et anis étoilé : un verger californien en fin d’après-midi. Clementine California (Atelier Cologne, 2016). Notes : clémentine, mandarine, baie de genièvre, basilic, anis étoilé, poivre. Pyramide olfactive complète, avis et parfums qui lui ressemblent.",https://perfumdle.com/fr/parfum/atelier-cologne-clementine-california/,2026-12-01T08:00:00,"atelier cologne, parfum, notes de parfum, avis parfum, clémentine, mandarine, baie de genièvre"
"Her Elixir de Burberry : notes, avis et parfums similaires",https://perfumdle.com/pins/burberry-her-elixir.jpg,"Parfums femme : notes, avis et parfums similaires",,"Fraise écrasée, mûre et vanille ambrée : une confiture de baies version nocturne. Her Elixir (Burberry, 2022). Notes : fraise, mûre, jasmin, vanille, santal, ambre. Pyramide olfactive complète, avis et parfums qui lui ressemblent.",https://perfumdle.com/fr/parfum/burberry-her-elixir/,2026-12-01T11:00:00,"burberry, parfum, notes de parfum, avis parfum, fraise, mûre, jasmin"
"A Drop d'Issey de Issey Miyake : notes, avis et parfums similaires",https://perfumdle.com/pins/issey-miyake-a-drop-dissey.jpg,"Parfums femme : notes, avis et parfums similaires",,"Lait d’amande, rose et lilas : un floral doux et tendre, presque cotonneux. A Drop d'Issey (Issey Miyake, 2021). Notes : lait d'amande, rose, lilas, jasmin, fleur d'oranger, musc. Pyramide olfactive complète, avis et parfums qui lui ressemblent.",https://perfumdle.com/fr/parfum/issey-miyake-a-drop-dissey/,2026-12-01T14:00:00,"issey miyake, parfum, notes de parfum, avis parfum, lait d'amande, rose, lilas"
"Wanted by Night de Azzaro : notes, avis et parfums similaires",https://perfumdle.com/pins/azzaro-wanted-by-night.jpg,"Parfums homme : notes, avis et parfums similaires",,"Cannelle, tabac et encens : la version nocturne et épicée du Wanted d’Azzaro. Wanted by Night (Azzaro, 2018). Notes : cannelle, mandarine, citron, cèdre, cumin, encens. Pyramide olfactive complète, avis et parfums qui lui ressemblent.",https://perfumdle.com/fr/parfum/azzaro-wanted-by-night/,2026-12-01T18:00:00,"azzaro, parfum, notes de parfum, avis parfum, cannelle, mandarine, citron"
"Narciso de Narciso Rodriguez : notes, avis et parfums similaires",https://perfumdle.com/pins/narciso-rodriguez-narciso.jpg,"Parfums femme : notes, avis et parfums similaires",,"Rose, gardénia et musc poudré : une peau douce et sensuelle, d’une pureté graphique. Narciso (Narciso Rodriguez, 2014). Notes : rose, gardénia, musc, cèdre, vétiver, cèdre noir. Pyramide olfactive complète, avis et parfums qui lui ressemblent.",https://perfumdle.com/fr/parfum/narciso-rodriguez-narciso/,2026-12-01T21:00:00,"narciso rodriguez, parfum, notes de parfum, avis parfum, rose, gardénia, musc"
"Fierce de Abercrombie & Fitch : notes, avis et parfums similaires",https://perfumdle.com/pins/abercrombie-fitch-fierce.jpg,"Parfums homme : notes, avis et parfums similaires",,"Petitgrain, sapin et musc boisé : l’odeur d’une boutique de campus américain. Fierce (Abercrombie & Fitch, 2002). Notes : petitgrain, cardamome, citron, orange, sapin, jasmin. Pyramide olfactive complète, avis et parfums qui lui ressemblent.",https://perfumdle.com/fr/parfum/abercrombie-fitch-fierce/,2026-12-02T08:00:00,"abercrombie & fitch, parfum, notes de parfum, avis parfum, petitgrain, cardamome, citron"
"Raghba de Lattafa : notes, avis et parfums similaires",https://perfumdle.com/pins/lattafa-raghba.jpg,"Parfums mixtes : notes, avis et parfums similaires",,"Vanille sucrée, oud et encens : une douceur orientale dense et enveloppante. Raghba (Lattafa, 2014). Notes : vanille, sucre, oud, encens, santal, musc. Pyramide olfactive complète, avis et parfums qui lui ressemblent.",https://perfumdle.com/fr/parfum/lattafa-raghba/,2026-12-02T11:00:00,"lattafa, parfum, notes de parfum, avis parfum, vanille, sucre, oud"
"Signorina de Salvatore Ferragamo : notes, avis et parfums similaires",https://perfumdle.com/pins/salvatore-ferragamo-signorina.jpg,"Parfums femme : notes, avis et parfums similaires",,"Groseille, pivoine et panna cotta : un chypre fruité espiègle et gourmand. Signorina (Salvatore Ferragamo, 2012). Notes : cassis, baies roses, poire, pivoine, rose, jasmin. Pyramide olfactive complète, avis et parfums qui lui ressemblent.",https://perfumdle.com/fr/parfum/salvatore-ferragamo-signorina/,2026-12-02T14:00:00,"salvatore ferragamo, parfum, notes de parfum, avis parfum, cassis, baies roses, poire"
"Roberto Cavalli : notes, avis et parfums similaires",https://perfumdle.com/pins/roberto-cavalli-roberto-cavalli.jpg,"Parfums femme : notes, avis et parfums similaires",,"Fleur d’oranger, prune et benjoin : une féminité féline, chaude et résineuse. Roberto Cavalli (Roberto Cavalli, 2012). Notes : baies roses, cèdre, prune, fleur d'oranger, jasmin, fève tonka. Pyramide olfactive complète, avis et parfums qui lui ressemblent.",https://perfumdle.com/fr/parfum/roberto-cavalli-roberto-cavalli/,2026-12-02T18:00:00,"roberto cavalli, parfum, notes de parfum, avis parfum, baies roses, cèdre, prune"
"Guilty Pour Homme de Gucci : notes, avis et parfums similaires",https://perfumdle.com/pins/gucci-guilty-pour-homme.jpg,"Parfums homme : notes, avis et parfums similaires",,"Lavande, fleur d’oranger et patchouli : une fougère moderne, sensuelle et épurée. Guilty Pour Homme (Gucci, 2011). Notes : lavande, citron, fleur d'oranger, cèdre, patchouli. Pyramide olfactive complète, avis et parfums qui lui ressemblent.",https://perfumdle.com/fr/parfum/gucci-guilty-pour-homme/,2026-12-02T21:00:00,"gucci, parfum, notes de parfum, avis parfum, lavande, citron, fleur d'oranger"
"Aqua Allegoria Mandarine Basilic de Guerlain : notes, avis et parfums similaires",https://perfumdle.com/pins/guerlain-aqua-allegoria-mandarine-basilic.jpg,"Parfums femme : notes, avis et parfums similaires",,"Clémentine, thé vert et basilic : un verger méditerranéen sous le soleil de midi. Aqua Allegoria Mandarine Basilic (Guerlain, 2007). Notes : clémentine, fleur d'oranger, thé vert, mandarine, basilic, pivoine. Pyramide olfactive complète, avis et parfums qui lui ressemblent.",https://perfumdle.com/fr/parfum/guerlain-aqua-allegoria-mandarine-basilic/,2026-12-03T08:00:00,"guerlain, parfum, notes de parfum, avis parfum, clémentine, fleur d'oranger, thé vert"
"L'Homme Idéal de Guerlain : notes, avis et parfums similaires",https://perfumdle.com/pins/guerlain-lhomme-ideal.jpg,"Parfums homme : notes, avis et parfums similaires",,"Amande amère, tonka et cuir : l’élégance masculine selon Guerlain, entre douceur et caractère. L'Homme Idéal (Guerlain, 2014). Notes : amande, bergamote, romarin, fève tonka, cuir, vétiver. Pyramide olfactive complète, avis et parfums qui lui ressemblent.",https://perfumdle.com/fr/parfum/guerlain-lhomme-ideal/,2026-12-03T11:00:00,"guerlain, parfum, notes de parfum, avis parfum, amande, bergamote, romarin"
"Dolce & Gabbana Pour Femme : notes, avis et parfums similaires",https://perfumdle.com/pins/dolce-gabbana-dolce-gabbana-pour-femme.jpg,"Parfums femme : notes, avis et parfums similaires",,"Framboise, fleur d’oranger et guimauve : une douceur sicilienne, veloutée et sensuelle. Dolce & Gabbana Pour Femme (Dolce & Gabbana, 2012). Notes : néroli, framboise, mandarine verte, jasmin, fleur d'oranger, guimauve. Pyramide olfactive complète, avis et parfums qui lui ressemblent.",https://perfumdle.com/fr/parfum/dolce-gabbana-dolce-gabbana-pour-femme/,2026-12-03T14:00:00,"dolce & gabbana, parfum, notes de parfum, avis parfum, néroli, framboise, mandarine verte"
"Coach Floral : notes, avis et parfums similaires",https://perfumdle.com/pins/coach-coach-floral.jpg,"Parfums femme : notes, avis et parfums similaires",,"Ananas, rose et gardénia : un floral fruité frais, pétillant et plein d’allant. Coach Floral (Coach, 2018). Notes : ananas, agrumes, rose, gardénia, pivoine, musc. Pyramide olfactive complète, avis et parfums qui lui ressemblent.",https://perfumdle.com/fr/parfum/coach-coach-floral/,2026-12-03T18:00:00,"coach, parfum, notes de parfum, avis parfum, ananas, agrumes, rose"
"Womanity de Mugler : notes, avis et parfums similaires",https://perfumdle.com/pins/thierry-mugler-womanity.jpg,"Parfums femme : notes, avis et parfums similaires",,"Figue sucrée et accord caviar : un sucré-salé audacieux, entre verger méditerranéen et embruns. Womanity (Mugler, 2010). Notes : agrumes, notes vertes, figue, accord caviar, figuier, notes boisées. Pyramide olfactive complète, avis et parfums qui lui ressemblent.",https://perfumdle.com/fr/parfum/thierry-mugler-womanity/,2026-12-03T21:00:00,"mugler, parfum, notes de parfum, avis parfum, agrumes, notes vertes, figue"
