brand	best_keyword	best_volume	total	formulation_title
Yves Saint Laurent	parfum yves saint laurent	24636	70578	Parfum Yves Saint Laurent homme et femme : Opium, Libre
Dior	parfum dior	22583	31662	Parfum Dior femme et homme : Sauvage, J'adore et Miss Dior
Louis Vuitton	parfum louis vuitton	13455	28865	Parfum Louis Vuitton homme : Ombre Nomade et plus
Hugo Boss	hugo boss parfum	10083	28786	Parfum Hugo Boss homme et femme : Boss Bottled et style
Prada	prada parfum	7800	28450	Parfum Prada femme et homme : Luna Rossa, Candy et iris
Hermès	parfum hermes	9867	27165	Parfum Hermès homme : Terre d'Hermès et Jardins
Jean Paul Gaultier	parfum jean paul gaultier	11000	19454	Parfum Jean Paul Gaultier femme et homme : Le Mâle, Scandal
Azzaro	azzaro parfum homme	7364	18434	Parfum Azzaro homme : Fougères et best-sellers
Valentino	valentino parfum	8200	15630	Parfum Valentino homme et femme : Born in Roma
Tom Ford	parfums tom ford	4909	15288	Parfums Tom Ford homme : Private Blend et icônes
Guerlain	parfum guerlain	9000	14444	Parfum Guerlain femme et homme : Icônes et Guerlinade
Burberry	burberry parfum	6000	13700	Parfum Burberry femme et homme : Her et style britannique
Giorgio Armani	armani parfum	2300	13450	Parfum Giorgio Armani homme et femme : Acqua di Giò, Sì et Code
Montblanc	montblanc parfum homme	5500	13094	Parfum Montblanc homme : Explorer
Paco Rabanne	parfum paco rabanne	6000	13083	Parfum Paco Rabanne femme et homme : 1 Million, Invictus
Chanel	chanel parfum homme	5077	12683	Parfum Chanel homme et femme : N°5, Bleu de Chanel et classiques
Lancôme	parfum lancome	8643	12307	Parfum Lancôme femme : Trésor, La Vie Est Belle
Carolina Herrera	carolina herrera parfum	5500	12229	Parfum Carolina Herrera homme et femme : Good Girl, 212
Maison Francis Kurkdjian	maison francis kurkdjian	8100	12213	Parfums Maison Francis Kurkdjian : Baccarat Rouge
Versace	versace parfum	3100	11876	Parfum Versace femme et homme : Eros, Dylan Blue et Crystal
Givenchy	parfum givenchy homme	4000	11716	Parfum Givenchy homme : L'Interdit et Gentleman
Lattafa	lattafa parfum	4909	11005	Parfum Lattafa homme et femme : Raghba et parfumerie orientale
Nina Ricci	nina ricci parfum	5000	10800	Parfum Nina Ricci femme : L'Air du Temps
Parfums de Marly	parfum de marly	6200	10660	Parfum de Marly : Layton, Delina et plus
Gucci	parfum gucci femme	3273	10500	Parfum Gucci femme : Bloom, Guilty et Flora
Kenzo	kenzo parfum	4000	10258	Parfum Kenzo homme et femme : Flower by Kenzo et style
Montale	montale parfum	5900	10200	Parfum Montale homme et femme : Oud et Intense Cafe
Chloé	parfum chloé	3800	8643	Parfum Chloé femme : Signature rosée
Coach	parfum coach	3273	8120	Parfum Coach femme et homme : Floraux new-yorkais
Calvin Klein	parfum calvin klein	3273	7997	Parfum Calvin Klein homme et femme : CK One et Obsession
Jimmy Choo	jimmy choo parfum	4000	7810	Parfum Jimmy Choo femme : Chypre fruité
Narciso Rodriguez	parfum narciso rodriguez	4909	7700	Parfum Narciso Rodriguez femme : Muscs
Mugler	mugler parfum	2800	7432	Parfum Mugler femme : Angel, Alien et A*Men
Caron	caron parfum	1600	6423	Parfum Caron homme et femme : Tabac Blond et héritage
Ariana Grande	parfum ariana grande	4200	6410	Parfum Ariana Grande : Cloud et la signature gourmande
Amouage	amouage parfum	4900	6060	Parfum Amouage : Encens et grands orientaux
Creed	creed parfum	2600	5830	Parfum Creed homme : Aventus et style de la maison
Dolce & Gabbana	dolce gabbana parfum	1800	5814	Parfum Dolce & Gabbana homme et femme : Light Blue, The One et style
Rochas	parfum rochas femme	1455	5810	Parfum Rochas femme et homme : Femme et chypres
Diptyque	parfums diptyque	1900	5080	Parfums Diptyque femme et homme : Figuier et bois
Jo Malone	jo malone parfum	1700	5050	Parfum Jo Malone femme et homme : Colognes et accords
Mancera	mancera parfum	2000	4300	Parfum Mancera homme et femme : Cedrat Boise et style
Ralph Lauren	parfum ralph lauren	1727	3980	Parfum Ralph Lauren homme et femme : La ligne Polo
Marc Jacobs	marc jacobs parfum	2636	3970	Parfum Marc Jacobs femme et homme : Daisy et Decadence
Cacharel	parfum cacharel	1800	3744	Parfum Cacharel femme et homme : Anaïs Anaïs
Issey Miyake	issey miyake parfum	1600	3399	Parfum Issey Miyake homme et femme : L'Eau d'Issey
By Kilian	kilian parfum	1700	3250	Parfum Kilian : Cognac et gourmands
Lanvin	parfums lanvin	720	3116	Parfums Lanvin homme et femme : Arpège et héritage
Abercrombie & Fitch	abercrombie parfum	1000	2890	Parfum Abercrombie & Fitch homme et femme : Fierce
Xerjoff	xerjoff parfum	1500	2750	Parfum Xerjoff homme : Naxos et luxe italien
Clinique	parfums clinique	1000	2709	Parfums Clinique femme : Aromatics Elixir
Frédéric Malle	frederic malle parfum	880	2650	Parfum Frédéric Malle : Portrait of a Lady et style
Sol de Janeiro	parfum sol de janeiro	2200	2590	Parfum Sol de Janeiro : Parfum Cheirosa 62
Rihanna	parfums rihanna	1300	2491	Parfums Rihanna : Reb'l Fleur et signature fruitée
Davidoff	davidoff parfum	880	2265	Parfum Davidoff homme : Cool Water
Nishane	nishane parfum	800	2180	Parfum Nishane homme : Hacivat et Ani
Byredo	parfums byredo	720	2110	Parfums Byredo : Gypsy Water et style suédois
Juliette Has a Gun	parfum juliette has a gun	1400	2060	Parfum Juliette Has a Gun : Not a Perfume
Estée Lauder	parfum estee lauder	1455	2040	Parfum Estée Lauder femme : Youth Dew et Beautiful
Le Labo	le labo parfum	1200	2030	Parfum Le Labo : Santal 33 et style
Roberto Cavalli	roberto cavalli parfum	600	1540	Parfum Roberto Cavalli femme : Glamour
Acqua di Parma	parfum acqua di parma	655	1450	Parfum Acqua di Parma homme et femme : Colonia et style italien
Initio Parfums Privés	initio parfum	900	1360	Parfum Initio Parfums Privés : Parfums phares
Maison Margiela	parfum maison margiela	909	1348	Parfum Maison Margiela : La collection Replica
Cerruti	parfums cerruti	320	1280	Parfums Cerruti homme et femme : Le classique 1881
Viktor & Rolf	viktor rolf parfum	880	1010	Parfum Viktor & Rolf : Flowerbomb et Spicebomb
Giorgio Beverly Hills	parfum giorgio beverly hills	400	810	Parfum Giorgio Beverly Hills : Parfum Giorgio
Salvatore Ferragamo	ferragamo parfum	140	450	Parfum Salvatore Ferragamo : Signorina
Escentric Molecules	molecule parfum	260	430	Parfum Molecule (Escentric Molecules) : Molecule 01 et parfums minimalistes
Guy Laroche	guy laroche parfum	170	330	Parfum Guy Laroche : Drakkar Noir
Britney Spears	parfums britney spears	291	330	Parfums Britney Spears : Fantasy
Tiziana Terenzi	parfum tiziana terenzi	170	310	Parfum Tiziana Terenzi : Kirke
Jennifer Lopez	parfums jennifer lopez	155	240	Parfums Jennifer Lopez : Glow et la vague célébrité
Patou	parfum patou	110	220	Parfum Patou : Joy et de Jean Patou
Atelier Cologne	parfums atelier cologne	110	220	Parfums Atelier Cologne : Cologne Absolue
Elizabeth Taylor	parfum elizabeth taylor	82	112	Parfum Elizabeth Taylor : White Diamonds
Penhaligon's	penhaligon parfum	70	100	Parfum Penhaligon's : Tradition anglaise
