brand	keyword	volume
Parfums de Marly	parfums marly	880
Parfums de Marly	parfum marly	1000
Parfums de Marly	marly parfum	170
Parfums de Marly	parfum marly femme	10
Parfums de Marly	parfums de marly	2400
Parfums de Marly	parfum de marly	6200
Dior	parfums dior	2258
Dior	parfum dior	22583
Dior	dior parfum	1138
Dior	meilleur parfum dior	90
Dior	parfum dior femme	1293
Dior	parfum dior homme	1100
Dior	dior parfum homme	400
Dior	dior parfum femme	2800
Tom Ford	parfums tom ford	4909
Tom Ford	parfum tom ford	3800
Tom Ford	tom ford parfum	1345
Tom Ford	meilleur parfum tom ford	70
Tom Ford	parfum tom ford femme	264
Tom Ford	parfum tom ford homme	2200
Tom Ford	tom ford parfum homme	1900
Tom Ford	tom ford parfum femme	800
Chanel	parfums chanel	500
Chanel	parfum chanel	4400
Chanel	chanel parfum	736
Chanel	meilleur parfum chanel	20
Chanel	parfum chanel femme	675
Chanel	parfum chanel homme	600
Chanel	chanel parfum homme	5077
Chanel	chanel parfum femme	675
Yves Saint Laurent	parfums ysl	880
Yves Saint Laurent	parfum ysl	4200
Yves Saint Laurent	ysl parfum	3200
Yves Saint Laurent	parfum ysl femme	900
Yves Saint Laurent	parfum ysl homme	1600
Yves Saint Laurent	ysl parfum homme	1400
Yves Saint Laurent	ysl parfum femme	400
Yves Saint Laurent	parfum yves saint laurent	24636
Yves Saint Laurent	parfum yves saint laurent femme	5062
Yves Saint Laurent	parfum yves saint laurent homme	14800
Yves Saint Laurent	yves saint laurent parfum	13500
Dolce & Gabbana	parfum dolce gabbana	1100
Dolce & Gabbana	dolce gabbana parfum	1800
Dolce & Gabbana	parfum dolce gabbana femme	314
Dolce & Gabbana	parfum dolce gabbana homme	1000
Dolce & Gabbana	dolce gabbana parfum homme	1000
Dolce & Gabbana	dolce gabbana parfum femme	600
Guerlain	parfums guerlain	500
Guerlain	parfum guerlain	9000
Guerlain	guerlain parfum	1100
Guerlain	meilleur parfum guerlain	10
Guerlain	parfum guerlain femme	807
Guerlain	parfum guerlain homme	900
Guerlain	guerlain parfum homme	327
Guerlain	guerlain parfum femme	1800
Giorgio Armani	parfums armani	1900
Giorgio Armani	parfum armani	2182
Giorgio Armani	armani parfum	2300
Giorgio Armani	parfum armani femme	185
Giorgio Armani	parfum armani homme	1800
Giorgio Armani	armani parfum homme	1455
Giorgio Armani	armani parfum femme	1846
Giorgio Armani	parfum giorgio armani	1455
Giorgio Armani	giorgio armani parfum	327
Paco Rabanne	parfums paco rabanne	600
Paco Rabanne	parfum paco rabanne	6000
Paco Rabanne	paco rabanne parfum	4200
Paco Rabanne	parfum paco rabanne femme	491
Paco Rabanne	parfum paco rabanne homme	264
Paco Rabanne	paco rabanne parfum homme	218
Paco Rabanne	paco rabanne parfum femme	900
Paco Rabanne	parfum rabanne	400
Paco Rabanne	rabanne parfum	10
Versace	parfums versace	140
Versace	parfum versace	2800
Versace	versace parfum	3100
Versace	parfum versace femme	2636
Versace	parfum versace homme	1600
Versace	versace parfum homme	900
Versace	versace parfum femme	700
Mugler	parfums mugler	100
Mugler	parfum mugler	1200
Mugler	mugler parfum	2800
Mugler	parfum mugler femme	2182
Mugler	parfum mugler homme	390
Mugler	mugler parfum homme	260
Mugler	mugler parfum femme	500
Byredo	parfums byredo	720
Byredo	parfum byredo	720
Byredo	byredo parfum	600
Byredo	meilleur parfum byredo	10
Byredo	parfum byredo femme	10
Byredo	parfum byredo homme	10
Byredo	byredo parfum homme	30
Byredo	byredo parfum femme	10
Hermès	parfums hermes	987
Hermès	parfum hermes	9867
Hermès	hermes parfum	987
Hermès	parfum hermes femme	450
Hermès	parfum hermes homme	6000
Hermès	hermes parfum homme	6000
Hermès	hermes parfum femme	900
Hermès	parfum hermès	987
Hermès	hermès parfum	987
Gucci	parfums gucci	100
Gucci	parfum gucci	3200
Gucci	gucci parfum	2600
Gucci	parfum gucci femme	3273
Gucci	parfum gucci homme	700
Gucci	gucci parfum homme	300
Gucci	gucci parfum femme	327
Calvin Klein	parfums calvin klein	327
Calvin Klein	parfum calvin klein	3273
Calvin Klein	calvin klein parfum	1500
Calvin Klein	parfum calvin klein femme	700
Calvin Klein	parfum calvin klein homme	1200
Calvin Klein	calvin klein parfum homme	277
Calvin Klein	calvin klein parfum femme	720
Lancôme	parfums lancome	200
Lancôme	parfum lancome	8643
Lancôme	lancome parfum	864
Lancôme	parfum lancome femme	1700
Lancôme	parfum lancome homme	140
Lancôme	lancome parfum homme	90
Lancôme	lancome parfum femme	590
Lancôme	parfum lancôme	80
Maison Francis Kurkdjian	parfums kurkdjian	720
Maison Francis Kurkdjian	parfum kurkdjian	480
Maison Francis Kurkdjian	kurkdjian parfum	320
Maison Francis Kurkdjian	parfum kurkdjian homme	20
Maison Francis Kurkdjian	parfum francis kurkdjian	1455
Maison Francis Kurkdjian	francis kurkdjian parfum	118
Maison Francis Kurkdjian	maison francis kurkdjian	8100
Maison Francis Kurkdjian	parfum maison francis kurkdjian	1000
Creed	parfum creed	1400
Creed	creed parfum	2600
Creed	parfum creed femme	170
Creed	parfum creed homme	720
Creed	creed parfum homme	800
Creed	creed parfum femme	140
Prada	parfums prada	200
Prada	parfum prada	7500
Prada	prada parfum	7800
Prada	parfum prada femme	6750
Prada	parfum prada homme	4000
Prada	prada parfum homme	800
Prada	prada parfum femme	1400
Givenchy	parfums givenchy	300
Givenchy	parfum givenchy	3700
Givenchy	givenchy parfum	2300
Givenchy	parfum givenchy femme	508
Givenchy	parfum givenchy homme	4000
Givenchy	givenchy parfum homme	400
Givenchy	givenchy parfum femme	508
Maison Margiela	parfums maison margiela	91
Maison Margiela	parfum maison margiela	909
Maison Margiela	maison margiela parfum	218
Maison Margiela	parfum maison margiela homme	40
Maison Margiela	maison margiela parfum homme	20
Maison Margiela	maison margiela parfum femme	70
Issey Miyake	parfums issey miyake	65
Issey Miyake	parfum issey miyake	655
Issey Miyake	issey miyake parfum	1600
Issey Miyake	parfum issey miyake femme	390
Issey Miyake	parfum issey miyake homme	60
Issey Miyake	issey miyake parfum homme	600
Issey Miyake	issey miyake parfum femme	29
Azzaro	parfum azzaro	2100
Azzaro	azzaro parfum	2100
Azzaro	meilleur parfum azzaro	10
Azzaro	parfum azzaro femme	55
Azzaro	parfum azzaro homme	6750
Azzaro	azzaro parfum homme	7364
Azzaro	azzaro parfum femme	55
Jo Malone	parfums jo malone	1300
Jo Malone	parfum jo malone	1000
Jo Malone	jo malone parfum	1700
Jo Malone	meilleur parfum jo malone	50
Jo Malone	parfum jo malone femme	300
Jo Malone	parfum jo malone homme	170
Jo Malone	jo malone parfum homme	210
Jo Malone	jo malone parfum femme	320
Le Labo	parfums le labo	320
Le Labo	parfum le labo	500
Le Labo	le labo parfum	1200
Le Labo	le labo parfum homme	10
Initio Parfums Privés	parfums initio	30
Initio Parfums Privés	parfum initio	400
Initio Parfums Privés	initio parfum	900
Initio Parfums Privés	initio parfums privés	30
Amouage	parfums amouage	480
Amouage	parfum amouage	590
Amouage	amouage parfum	4900
Amouage	parfum amouage femme	10
Amouage	parfum amouage homme	20
Amouage	amouage parfum homme	40
Amouage	amouage parfum femme	20
Diptyque	parfums diptyque	1900
Diptyque	parfum diptyque	900
Diptyque	diptyque parfum	1400
Diptyque	meilleur parfum diptyque	70
Diptyque	parfum diptyque femme	480
Diptyque	parfum diptyque homme	100
Diptyque	diptyque parfum homme	90
Diptyque	diptyque parfum femme	140
Estée Lauder	parfum estee lauder	1455
Estée Lauder	estee lauder parfum	145
Estée Lauder	parfum estee lauder femme	140
Estée Lauder	estee lauder parfum homme	20
Estée Lauder	estee lauder parfum femme	170
Estée Lauder	parfum estée lauder	110
Ralph Lauren	parfums ralph lauren	173
Ralph Lauren	parfum ralph lauren	1727
Ralph Lauren	ralph lauren parfum	720
Ralph Lauren	parfum ralph lauren femme	480
Ralph Lauren	parfum ralph lauren homme	390
Ralph Lauren	ralph lauren parfum homme	320
Ralph Lauren	ralph lauren parfum femme	170
Jean Paul Gaultier	parfums jean paul gaultier	1300
Jean Paul Gaultier	parfum jean paul gaultier	11000
Jean Paul Gaultier	jean paul gaultier parfum	1508
Jean Paul Gaultier	meilleur parfum jean paul gaultier	10
Jean Paul Gaultier	parfum jean paul gaultier femme	3500
Jean Paul Gaultier	parfum jean paul gaultier homme	712
Jean Paul Gaultier	jean paul gaultier parfum homme	712
Jean Paul Gaultier	jean paul gaultier parfum femme	712
Viktor & Rolf	parfum viktor rolf	90
Viktor & Rolf	viktor rolf parfum	880
Viktor & Rolf	viktor rolf parfum homme	40
Carolina Herrera	parfums carolina herrera	100
Carolina Herrera	parfum carolina herrera	4900
Carolina Herrera	carolina herrera parfum	5500
Carolina Herrera	parfum carolina herrera femme	110
Carolina Herrera	parfum carolina herrera homme	210
Carolina Herrera	carolina herrera parfum homme	909
Carolina Herrera	carolina herrera parfum femme	500
Frédéric Malle	parfums frederic malle	800
Frédéric Malle	parfum frederic malle	80
Frédéric Malle	frederic malle parfum	880
Frédéric Malle	frederic malle parfum femme	10
Frédéric Malle	parfum frédéric malle	880
Burberry	parfums burberry	100
Burberry	parfum burberry	600
Burberry	burberry parfum	6000
Burberry	parfum burberry femme	3300
Burberry	parfum burberry homme	1400
Burberry	burberry parfum homme	800
Burberry	burberry parfum femme	1500
Xerjoff	parfums xerjoff	320
Xerjoff	parfum xerjoff	700
Xerjoff	xerjoff parfum	1500
Xerjoff	parfum xerjoff homme	170
Xerjoff	xerjoff parfum homme	50
Xerjoff	xerjoff parfum femme	10
Valentino	parfums valentino	100
Valentino	parfum valentino	4700
Valentino	valentino parfum	8200
Valentino	parfum valentino femme	579
Valentino	parfum valentino homme	736
Valentino	valentino parfum homme	736
Valentino	valentino parfum femme	579
Kenzo	parfum kenzo	3100
Kenzo	kenzo parfum	4000
Kenzo	parfum kenzo femme	508
Kenzo	parfum kenzo homme	1500
Kenzo	kenzo parfum homme	550
Kenzo	kenzo parfum femme	600
Escentric Molecules	parfum molecule	90
Escentric Molecules	molecule parfum	260
Escentric Molecules	parfum molecule 01	50
Escentric Molecules	escentric molecules parfum	10
Escentric Molecules	parfum escentric molecule	20
Hugo Boss	parfums hugo boss	100
Hugo Boss	parfum hugo boss	4500
Hugo Boss	hugo boss parfum	10083
Hugo Boss	meilleur parfum hugo boss	30
Hugo Boss	parfum hugo boss femme	2636
Hugo Boss	parfum hugo boss homme	7364
Hugo Boss	hugo boss parfum homme	3273
Hugo Boss	hugo boss parfum femme	800
Narciso Rodriguez	parfums narciso rodriguez	491
Narciso Rodriguez	parfum narciso rodriguez	4909
Narciso Rodriguez	narciso rodriguez parfum	1000
Narciso Rodriguez	meilleur parfum narciso rodriguez	70
Narciso Rodriguez	parfum narciso rodriguez femme	590
Narciso Rodriguez	parfum narciso rodriguez homme	70
Narciso Rodriguez	narciso rodriguez parfum homme	90
Narciso Rodriguez	narciso rodriguez parfum femme	480
Coach	parfums coach	1600
Coach	parfum coach	3273
Coach	coach parfum	327
Coach	parfum coach femme	700
Coach	parfum coach homme	600
Coach	coach parfum homme	320
Coach	coach parfum femme	1300
Acqua di Parma	parfums acqua di parma	65
Acqua di Parma	parfum acqua di parma	655
Acqua di Parma	acqua di parma parfum	300
Acqua di Parma	parfum acqua di parma femme	40
Acqua di Parma	parfum acqua di parma homme	110
Acqua di Parma	acqua di parma parfum homme	170
Acqua di Parma	acqua di parma parfum femme	110
Penhaligon's	parfums penhaligon	30
Penhaligon's	penhaligon parfum	70
Mancera	parfums mancera	1000
Mancera	parfum mancera	900
Mancera	mancera parfum	2000
Mancera	meilleur parfum mancera	30
Mancera	parfum mancera femme	50
Mancera	parfum mancera homme	110
Mancera	mancera parfum homme	140
Mancera	mancera parfum femme	70
Montale	parfums montale	200
Montale	parfum montale	3600
Montale	montale parfum	5900
Montale	meilleur parfum montale	50
Montale	parfum montale femme	140
Montale	parfum montale homme	70
Montale	montale parfum homme	170
Montale	montale parfum femme	70
By Kilian	parfums by kilian	170
By Kilian	parfum by kilian	210
By Kilian	by kilian parfum	260
By Kilian	parfum by kilian femme	10
By Kilian	kilian parfum	1700
By Kilian	parfum kilian	900
Nishane	parfums nishane	720
Nishane	parfum nishane	480
Nishane	nishane parfum	800
Nishane	parfum nishane homme	90
Nishane	nishane parfum homme	90
Marc Jacobs	parfums marc jacobs	264
Marc Jacobs	parfum marc jacobs	500
Marc Jacobs	marc jacobs parfum	2636
Marc Jacobs	parfum marc jacobs femme	320
Marc Jacobs	parfum marc jacobs homme	70
Marc Jacobs	marc jacobs parfum homme	70
Marc Jacobs	marc jacobs parfum femme	110
Louis Vuitton	parfums louis vuitton	1345
Louis Vuitton	parfum louis vuitton	13455
Louis Vuitton	louis vuitton parfum	7364
Louis Vuitton	meilleur parfum louis vuitton	70
Louis Vuitton	parfum louis vuitton femme	300
Louis Vuitton	parfum louis vuitton homme	3500
Louis Vuitton	louis vuitton parfum homme	2231
Louis Vuitton	louis vuitton parfum femme	600
Nina Ricci	parfums nina ricci	200
Nina Ricci	parfum nina ricci	4700
Nina Ricci	nina ricci parfum	5000
Nina Ricci	meilleur parfum nina ricci	10
Nina Ricci	parfum nina ricci femme	140
Nina Ricci	nina ricci parfum homme	30
Nina Ricci	nina ricci parfum femme	720
Lanvin	parfums lanvin	720
Lanvin	parfum lanvin	700
Lanvin	lanvin parfum	500
Lanvin	parfum lanvin femme	320
Lanvin	parfum lanvin homme	536
Lanvin	lanvin parfum homme	170
Lanvin	lanvin parfum femme	170
Patou	parfum patou	110
Patou	patou parfum	110
Rochas	parfums rochas	720
Rochas	parfum rochas	600
Rochas	rochas parfum	700
Rochas	parfum rochas femme	1455
Rochas	parfum rochas homme	800
Rochas	rochas parfum homme	80
Rochas	rochas parfum femme	1455
Clinique	parfums clinique	1000
Clinique	parfum clinique	909
Clinique	clinique parfum	480
Clinique	parfum clinique femme	140
Clinique	parfum clinique homme	50
Clinique	clinique parfum homme	20
Clinique	clinique parfum femme	110
Guy Laroche	parfum guy laroche	140
Guy Laroche	guy laroche parfum	170
Guy Laroche	guy laroche parfum femme	20
Davidoff	parfums davidoff	590
Davidoff	parfum davidoff	500
Davidoff	davidoff parfum	880
Davidoff	parfum davidoff homme	140
Davidoff	davidoff parfum homme	110
Davidoff	davidoff parfum femme	45
Caron	parfums caron	880
Caron	parfum caron	600
Caron	caron parfum	1600
Caron	parfum caron femme	480
Caron	parfum caron homme	1083
Caron	caron parfum homme	1300
Caron	caron parfum femme	480
Cacharel	parfums cacharel	100
Cacharel	parfum cacharel	1800
Cacharel	cacharel parfum	1100
Cacharel	parfum cacharel femme	54
Cacharel	parfum cacharel homme	210
Cacharel	cacharel parfum homme	90
Cacharel	cacharel parfum femme	390
Montblanc	parfums montblanc	720
Montblanc	parfum montblanc	720
Montblanc	montblanc parfum	5077
Montblanc	parfum montblanc femme	436
Montblanc	parfum montblanc homme	550
Montblanc	montblanc parfum homme	5500
Montblanc	montblanc parfum femme	91
Juliette Has a Gun	parfums juliette has a gun	480
Juliette Has a Gun	parfum juliette has a gun	1400
Juliette Has a Gun	juliette has a gun parfum	140
Juliette Has a Gun	meilleur parfum juliette has a gun	30
Juliette Has a Gun	juliette has a gun parfum homme	10
Cerruti	parfums cerruti	320
Cerruti	parfum cerruti	320
Cerruti	cerruti parfum	260
Cerruti	parfum cerruti femme	50
Cerruti	parfum cerruti homme	236
Cerruti	cerruti parfum homme	24
Cerruti	cerruti parfum femme	70
Chloé	parfums chloe	110
Chloé	parfum chloe	1800
Chloé	chloe parfum	1600
Chloé	parfum chloe femme	1333
Chloé	parfum chloé	3800
Ariana Grande	parfums ariana grande	100
Ariana Grande	parfum ariana grande	4200
Ariana Grande	ariana grande parfum	2100
Ariana Grande	meilleur parfum ariana grande	10
Tiziana Terenzi	parfum tiziana terenzi	170
Tiziana Terenzi	tiziana terenzi parfum	140
Elizabeth Taylor	parfum elizabeth taylor	82
Elizabeth Taylor	elizabeth taylor parfum	30
Giorgio Beverly Hills	parfum giorgio beverly hills	400
Giorgio Beverly Hills	giorgio beverly hills parfum	320
Giorgio Beverly Hills	parfum giorgio beverly hills femme	90
Britney Spears	parfums britney spears	291
Britney Spears	parfum britney spears	29
Britney Spears	britney spears parfum	10
Jennifer Lopez	parfums jennifer lopez	155
Jennifer Lopez	parfum jennifer lopez	15
Jennifer Lopez	jennifer lopez parfum	70
Rihanna	parfums rihanna	1300
Rihanna	parfum rihanna	900
Rihanna	rihanna parfum	291
Sol de Janeiro	parfum sol de janeiro	2200
Sol de Janeiro	sol de janeiro parfum	390
Atelier Cologne	parfums atelier cologne	110
Atelier Cologne	parfum atelier cologne	10
Atelier Cologne	atelier cologne parfum	100
Jimmy Choo	parfum jimmy choo	1700
Jimmy Choo	jimmy choo parfum	4000
Jimmy Choo	parfum jimmy choo femme	1100
Jimmy Choo	parfum jimmy choo homme	210
Jimmy Choo	jimmy choo parfum homme	200
Jimmy Choo	jimmy choo parfum femme	600
Abercrombie & Fitch	parfum abercrombie	880
Abercrombie & Fitch	abercrombie parfum	1000
Abercrombie & Fitch	parfum abercrombie femme	210
Abercrombie & Fitch	parfum abercrombie homme	500
Abercrombie & Fitch	abercrombie parfum homme	210
Abercrombie & Fitch	abercrombie parfum femme	90
Lattafa	parfums lattafa	2900
Lattafa	parfum lattafa	2636
Lattafa	lattafa parfum	4909
Lattafa	parfum lattafa femme	170
Lattafa	parfum lattafa homme	390
Salvatore Ferragamo	parfum ferragamo	90
Salvatore Ferragamo	ferragamo parfum	140
Salvatore Ferragamo	parfum ferragamo femme	20
Salvatore Ferragamo	parfum ferragamo homme	30
Salvatore Ferragamo	ferragamo parfum homme	40
Salvatore Ferragamo	ferragamo parfum femme	20
Salvatore Ferragamo	parfum salvatore ferragamo	110
Roberto Cavalli	parfums roberto cavalli	44
Roberto Cavalli	parfum roberto cavalli	436
Roberto Cavalli	roberto cavalli parfum	600
Roberto Cavalli	parfum roberto cavalli femme	355
Roberto Cavalli	parfum roberto cavalli homme	20
Roberto Cavalli	roberto cavalli parfum homme	50
Roberto Cavalli	roberto cavalli parfum femme	35
