slug	best_keyword	volume	alt_volume	info_volume	top_alt_keyword
louis-vuitton-ombre-nomade	ombre nomade	70300	10	160	ombre nomade pas cher (10)
lancome-la-vie-est-belle	la vie est belle	61667	470	230	dupe la vie est belle (260)
chanel-bleu-de-chanel	bleu de chanel	27583	280	470	bleu de chanel pas cher (260)
dior-miss-dior	miss dior	25000	20	240	miss dior dupe (10)
dior-sauvage	sauvage dior	23900	50	310	parfum similaire sauvage dior (50)
maison-francis-kurkdjian-baccarat-rouge-540	baccarat rouge	23900	420	400	baccarat rouge 540 dupe (170)
chanel-n-5	chanel n 5	16455	54	200	chanel n 5 pas cher (54)
yves-saint-laurent-libre	libre yves saint laurent	15600	110	840	libre yves saint laurent pas cher (90)
giorgio-armani-acqua-di-gio	acqua di gio	13455	70	130	acqua di gio pas cher (70)
yves-saint-laurent-la-nuit-de-lhomme	la nuit de l homme	12333	60	120	la nuit de l homme pas cher (50)
xerjoff-erba-pura	erba pura	10100	0	20	
azzaro-wanted	azzaro wanted	10000	30	100	azzaro wanted pas cher (30)
chanel-coco-mademoiselle	coco mademoiselle	8400	260	320	coco mademoiselle pas cher (210)
lancome-idole	idole lancome	8200	0	85	
dior-dior-homme-intense	dior homme intense	7900	0	250	
dior-jadore	dior j adore	7364	0	200	
giorgio-armani-si	si giorgio armani	7364	120	60	dupe si armani (90)
lancome-la-nuit-tresor	la nuit tresor lancome	7364	30	114	la nuit tresor pas cher (30)
dior-eau-sauvage	eau sauvage dior	7000	0	50	
givenchy-linterdit	interdit givenchy	7000	0	90	
dior-hypnotic-poison	hypnotic poison	6300	240	250	dupe hypnotic poison (90)
cerruti-1881	cerruti 1881	6000	10	40	cerruti 1881 pas cher (10)
dior-dior-homme	dior homme parfum	6000	0	80	
giorgio-armani-stronger-with-you	stronger with you	6000	10	30	stronger with you pas cher (10)
givenchy-gentleman	givenchy gentleman	6000	0	36	
viktor-rolf-spicebomb	spicebomb	6000	10	60	spicebomb pas cher (10)
guerlain-shalimar	shalimar	5900	110	140	dupe shalimar (90)
kenzo-flower-by-kenzo	flower by kenzo	5500	70	120	flower by kenzo pas cher (50)
gucci-gucci-flora	gucci flora	5300	0	150	
xerjoff-alexandria-ii	xerjoff alexandria ii	5300	0	0	
carolina-herrera-good-girl	parfum good girl	5000	0	0	
montblanc-explorer	montblanc explorer	4909	0	70	
prada-lhomme	prada l homme	4909	0	20	
dior-miss-dior-blooming-bouquet	miss dior blooming bouquet	4900	0	140	
xerjoff-naxos	xerjoff naxos	4900	0	0	
thierry-mugler-angel	parfum angel	4800	0	40	
giorgio-armani-code	armani code	4600	30	130	armani code pas cher (30)
dior-poison	poison dior	4500	20	60	parfum similaire poison dior (20)
creed-aventus	creed aventus	4400	10	120	creed aventus pas cher (10)
givenchy-irresistible	irresistible givenchy	4400	0	220	
tom-ford-tobacco-vanille	tom ford tobacco vanille	4100	20	30	tobacco vanille dupe (10)
azzaro-chrome	chrome azzaro	4000	5	80	azzaro chrome pas cher (5)
dior-sauvage-elixir	dior sauvage elixir	4000	0	50	
giorgio-armani-my-way	parfum my way	4000	10	90	my way armani pas cher (10)
jimmy-choo-jimmy-choo	jimmy choo parfum	4000	0	0	
tom-ford-ombre-leather	tom ford ombre leather	4000	0	30	
gucci-bloom	gucci bloom	3667	10	130	gucci bloom pas cher (10)
jean-paul-gaultier-scandal	parfum scandal	3600	10	720	scandal jean paul gaultier pas cher (10)
narciso-rodriguez-narciso-rodriguez-for-her	narciso rodriguez for her	3500	10	0	parfum similaire narciso rodriguez (10)
thierry-mugler-alien	parfum alien	3500	0	60	
jean-paul-gaultier-le-male	jean paul gaultier le male	3400	10	0	parfum similaire le male (10)
chanel-coco	coco chanel parfum	3300	0	0	
coach-coach	parfum coach	3273	0	0	
giorgio-armani-acqua-di-gio-profumo	acqua di gio profumo	3273	0	100	
guerlain-la-petite-robe-noire	la petite robe noire guerlain	3273	296	130	dupe la petite robe noire (210)
hugo-boss-boss-the-scent	hugo boss the scent	3273	0	20	
paco-rabanne-pure-xs	pure xs	3273	30	50	pure xs dupe (10)
guerlain-habit-rouge	habit rouge guerlain	3100	30	40	habit rouge pas cher (30)
maison-francis-kurkdjian-oud-satin-mood	oud satin mood	3100	50	80	oud satin mood dupe (40)
valentino-donna-born-in-roma	valentino born in roma	3100	0	0	
burberry-her	burberry her	3000	10	40	burberry her pas cher (10)
lancome-tresor	tresor lancome	3000	40	20	tresor lancome pas cher (20)
tom-ford-lost-cherry	tom ford lost cherry	3000	0	0	
giorgio-armani-stronger-with-you-intensely	stronger with you intensely	2900	0	80	
guerlain-mon-guerlain	mon guerlain	2700	0	180	
viktor-rolf-spicebomb-extreme	spicebomb extreme	2700	0	90	
paco-rabanne-invictus	invictus paco rabanne	2636	20	0	parfum similaire invictus (20)
paco-rabanne-olympea	olympea paco rabanne	2636	10	40	olympea pas cher (10)
calvin-klein-ck-one	ck one	2600	50	80	ck one pas cher (50)
guy-laroche-drakkar-noir	drakkar noir	2600	20	50	drakkar noir pas cher (20)
paco-rabanne-lady-million	lady million	2500	70	100	lady million pas cher (50)
hermes-eau-des-merveilles	eau des merveilles hermes	2417	40	110	eau des merveilles pas cher (30)
chanel-chance	chance chanel	2300	0	100	
tom-ford-oud-wood	tom ford oud wood	2200	0	40	
yves-saint-laurent-black-opium	black opium yves saint laurent	2200	110	320	black opium dupe (110)
paco-rabanne-1-million	parfum one million	2182	40	0	parfum similaire one million (30)
viktor-rolf-flowerbomb	flowerbomb	2182	30	80	flowerbomb pas cher (30)
yves-saint-laurent-mon-paris	mon paris yves saint laurent	2100	10	50	mon paris ysl pas cher (10)
hugo-boss-boss-bottled	boss bottled	2000	10	40	boss bottled pas cher (10)
chanel-gabrielle	chanel gabrielle	1900	10	0	dupe gabrielle chanel (10)
le-labo-santal-33	santal 33	1900	50	50	santal 33 pas cher (40)
tom-ford-soleil-blanc	tom ford soleil blanc	1900	0	0	
hermes-terre-dhermes	terre d hermes	1850	20	127	parfum similaire terre d hermes (20)
azzaro-azzaro-pour-homme	azzaro pour homme	1800	20	50	azzaro pour homme pas cher (20)
chloe-chloe-eau-de-parfum	parfum chloe	1800	0	0	(non mesuré)
dolce-gabbana-the-one	dolce gabbana the one	1800	0	20	
givenchy-very-irresistible	very irresistible givenchy	1800	0	20	
juliette-has-a-gun-not-a-perfume	juliette has a gun not a perfume	1800	0	20	
prada-luna-rossa	luna rossa	1800	0	0	
clinique-aromatics-elixir	aromatics elixir clinique	1727	0	0	(non mesuré)
by-kilian-angels-share	angel share kilian	1700	0	0	
chanel-allure-homme-sport	allure homme sport	1700	0	0	(non mesuré)
dior-fahrenheit	dior fahrenheit	1700	0	0	(non mesuré)
ralph-lauren-polo	ralph lauren polo	1700	0	0	
burberry-burberry-london	burberry london	1600	0	0	(non mesuré)
chanel-chance-eau-tendre	chanel chance eau tendre	1600	0	0	(non mesuré)
dolce-gabbana-devotion	dolce gabbana devotion	1600	0	0	(non mesuré)
editions-de-parfums-frederic-malle-musc-ravageur	musc ravageur	1600	0	0	(non mesuré)
giorgio-beverly-hills-giorgio	giorgio beverly hills giorgio	1600	0	0	(non mesuré)
lancome-tresor-midnight-rose	tresor midnight rose lancome	1600	0	0	(non mesuré)
yves-saint-laurent-paris	ysl paris	1600	0	0	(non mesuré)
yves-saint-laurent-y	y ysl	1600	0	0	
chanel-allure	allure chanel	1500	0	0	(non mesuré)
dior-dior-joy	joy dior	1500	0	0	(non mesuré)
sol-de-janeiro-sol-cheirosa-62	sol de janeiro 62	1500	0	0	(non mesuré)
versace-crystal-noir	versace crystal noir	1500	0	0	(non mesuré)
yves-saint-laurent-opium	opium yves saint laurent	1500	0	0	(non mesuré)
chanel-coromandel	coromandel chanel	1455	0	0	(non mesuré)
guerlain-linstant-de-guerlain	l instant de guerlain	1455	0	0	(non mesuré)
tom-ford-neroli-portofino	tom ford neroli portofino	1455	0	0	(non mesuré)
versace-dylan-blue-pour-homme	versace dylan blue	1455	0	0	(non mesuré)
giorgio-armani-si-passione	si passione	1400	0	0	(non mesuré)
guerlain-aqua-allegoria-mandarine-basilic	aqua allegoria mandarine basilic	1400	0	0	(non mesuré)
tom-ford-noir-extreme	tom ford noir extreme	1400	0	0	(non mesuré)
yves-saint-laurent-libre-intense	libre intense yves saint laurent	1400	0	0	(non mesuré)
paco-rabanne-1-million-lucky	one million lucky	1300	0	0	(non mesuré)
prada-infusion-diris	infusion d iris prada	1300	0	0	(non mesuré)
gucci-guilty	gucci guilty	1200	0	0	(non mesuré)
versace-pour-homme	versace pour homme	1200	0	0	(non mesuré)
guerlain-jicky	jicky guerlain	1182	0	0	(non mesuré)
marc-jacobs-daisy	daisy marc jacobs	1182	0	0	(non mesuré)
tom-ford-noir-de-noir	tom ford noir de noir	1182	0	0	(non mesuré)
cacharel-anais-anais	anais anais cacharel	1100	0	0	(non mesuré)
chanel-n-19	chanel 19	1100	0	0	(non mesuré)
parfums-de-marly-delina-exclusif	delina exclusif	1100	0	0	(non mesuré)
carolina-herrera-212-vip	212 carolina herrera	1000	0	0	(non mesuré)
diptyque-do-son	do son diptyque	1000	0	0	(non mesuré)
mancera-instant-crush	instant crush	1000	0	0	(non mesuré)
nina-ricci-lair-du-temps	nina ricci l air du temps	1000	0	0	(non mesuré)
tiziana-terenzi-kirke	kirke tiziana terenzi	1000	0	0	
valentino-valentino-uomo	valentino uomo	1000	0	0	(non mesuré)
yves-saint-laurent-tuxedo	tuxedo ysl	1000	0	0	(non mesuré)
lanvin-arpege	lanvin arpege	909	0	0	(non mesuré)
parfums-de-marly-layton	layton parfums de marly	909	0	0	
azzaro-wanted-by-night	azzaro wanted by night	900	0	0	(non mesuré)
calvin-klein-eternity	eternity calvin klein	900	0	0	(non mesuré)
davidoff-cool-water	davidoff cool water	900	0	0	(non mesuré)
dolce-gabbana-light-blue	light blue dolce gabbana	900	0	0	
editions-de-parfums-frederic-malle-portrait-of-a-lady	portrait of a lady	900	0	0	(non mesuré)
issey-miyake-leau-dissey-pour-homme	issey miyake homme	900	0	0	(non mesuré)
parfums-de-marly-delina	parfum de marly delina	900	10	0	delina dupe (10)
thierry-mugler-alien-goddess	alien goddess	900	0	0	(non mesuré)
yves-saint-laurent-kouros	kouros yves saint laurent	900	0	0	(non mesuré)
gucci-guilty-pour-homme	gucci guilty homme	880	0	0	(non mesuré)
guerlain-mitsouko	mitsouko guerlain	880	0	0	(non mesuré)
paco-rabanne-invictus-legend	invictus legend	880	0	0	(non mesuré)
thierry-mugler-amen	a men mugler	880	0	0	(non mesuré)
thierry-mugler-womanity	womanity	880	0	0	(non mesuré)
tom-ford-bitter-peach	tom ford bitter peach	880	0	0	(non mesuré)
calvin-klein-euphoria	euphoria calvin klein	800	0	0	(non mesuré)
dolce-gabbana-the-only-one	the only one dolce gabbana	800	0	0	(non mesuré)
gucci-bamboo	gucci bamboo	800	0	0	(non mesuré)
maison-margiela-replica-jazz-club	replica jazz club	800	0	0	(non mesuré)
paco-rabanne-phantom	paco rabanne phantom	800	0	0	(non mesuré)
tom-ford-black-orchid	black orchid tom ford	800	0	10	
versace-bright-crystal	versace bright crystal	800	0	0	(non mesuré)
amouage-interlude-man	amouage interlude	720	0	0	(non mesuré)
amouage-reflection-man	amouage reflection man	720	0	0	(non mesuré)
ariana-grande-cloud	cloud ariana grande	720	0	0	(non mesuré)
dior-dolce-vita	dolce vita dior	720	0	0	(non mesuré)
marc-jacobs-decadence	decadence marc jacobs	720	0	0	(non mesuré)
nishane-ani	nishane ani	720	0	0	(non mesuré)
acqua-di-parma-colonia	acqua di parma colonia	700	0	0	(non mesuré)
hermes-un-jardin-sur-le-nil	un jardin sur le nil	700	0	0	(non mesuré)
nishane-hacivat	nishane hacivat	700	0	0	(non mesuré)
maison-margiela-replica-by-the-fireplace	replica by the fireplace	655	0	0	(non mesuré)
montale-intense-cafe	montale intense cafe	655	0	0	(non mesuré)
acqua-di-parma-fico-di-amalfi	acqua di parma fico di amalfi	600	0	0	(non mesuré)
chanel-n-22	chanel 22	600	0	0	(non mesuré)
hermes-jour-dhermes	jour d hermes	600	0	0	(non mesuré)
jean-paul-gaultier-ultra-male	jean paul gaultier ultra male	600	0	0	(non mesuré)
roberto-cavalli-roberto-cavalli	roberto cavalli parfum	600	0	0	(non mesuré)
valentino-uomo-born-in-roma	valentino uomo born in roma	600	0	0	(non mesuré)
byredo-mojave-ghost	byredo mojave ghost	590	0	0	(non mesuré)
diptyque-tam-dao	diptyque tam dao	590	0	0	(non mesuré)
guerlain-lhomme-ideal	homme ideal guerlain	590	0	0	(non mesuré)
guerlain-vol-de-nuit	vol de nuit guerlain	590	0	0	(non mesuré)
issey-miyake-leau-dissey	issey miyake l eau d issey	590	0	0	(non mesuré)
prada-candy	candy prada	590	0	0	(non mesuré)
calvin-klein-obsession	obsession calvin klein	500	0	0	(non mesuré)
maison-francis-kurkdjian-baccarat-rouge-540-extrait	baccarat rouge 540 extrait de parfum	500	0	0	(non mesuré)
byredo-blanche	byredo blanche	480	0	0	(non mesuré)
chanel-pour-monsieur	pour monsieur chanel	480	0	0	(non mesuré)
le-labo-another-13	le labo another 13	480	0	0	(non mesuré)
mancera-cedrat-boise	mancera cedrat boise	480	0	0	(non mesuré)
abercrombie-fitch-fierce	abercrombie fierce	436	0	0	(non mesuré)
creed-royal-oud	creed royal oud	436	0	0	(non mesuré)
jean-patou-joy	joy jean patou	436	0	0	(non mesuré)
tom-ford-tobacco-oud	tom ford tobacco oud	436	0	0	(non mesuré)
dolce-gabbana-dolce-gabbana-pour-femme	dolce gabbana femme	400	0	0	(non mesuré)
giorgio-armani-acqua-di-gio-absolu	acqua di gio absolu	400	0	0	(non mesuré)
givenchy-linterdit-rouge	interdit rouge givenchy	400	0	0	(non mesuré)
louis-vuitton-afternoon-swim	afternoon swim louis vuitton	400	0	0	(non mesuré)
maison-margiela-replica-lazy-sunday-morning	lazy sunday morning	400	0	0	(non mesuré)
tom-ford-tuscan-leather	tuscan leather	400	0	0	(non mesuré)
byredo-gypsy-water	byredo gypsy water	390	0	0	(non mesuré)
diptyque-philosykos	philosykos diptyque	390	0	0	(non mesuré)
montale-black-aoud	black aoud montale	390	0	0	(non mesuré)
tom-ford-rose-prick	tom ford rose prick	390	0	0	(non mesuré)
yves-saint-laurent-jazz	jazz yves saint laurent	390	0	0	(non mesuré)
dolce-gabbana-light-blue-eau-intense	light blue intense	320	0	0	(non mesuré)
dolce-gabbana-limperatrice	imperatrice dolce gabbana	320	0	0	(non mesuré)
thierry-mugler-mugler-cologne	mugler cologne	300	0	0	(non mesuré)
creed-millesime-imperial	millesime imperial creed	291	0	0	(non mesuré)
parfums-de-marly-herod	parfums de marly herod	291	0	0	(non mesuré)
dolce-gabbana-the-one-for-men	the one dolce gabbana homme	260	0	0	(non mesuré)
editions-de-parfums-frederic-malle-carnal-flower	carnal flower	260	0	0	(non mesuré)
escentric-molecules-molecule-01	molecule 01	260	0	0	(non mesuré)
initio-parfums-prives-oud-for-greatness	oud for greatness	260	0	0	(non mesuré)
maison-francis-kurkdjian-grand-soir	mfk grand soir	260	0	0	(non mesuré)
ralph-lauren-polo-blue	polo blue ralph lauren	260	0	0	(non mesuré)
rochas-femme	femme rochas	260	0	0	(non mesuré)
versace-yellow-diamond	versace yellow diamond	260	0	0	(non mesuré)
estee-lauder-pleasures	pleasures estee lauder	236	0	0	(non mesuré)
creed-silver-mountain-water	creed silver mountain water	210	0	0	(non mesuré)
jo-malone-english-pear-freesia	jo malone english pear freesia	210	0	0	(non mesuré)
maison-margiela-replica-bubble-bath	replica bubble bath	210	0	0	(non mesuré)
creed-green-irish-tweed	creed green irish tweed	200	0	0	(non mesuré)
dolce-gabbana-k-by-dolce-gabbana	k dolce gabbana	200	0	0	(non mesuré)
issey-miyake-nuit-dissey	nuit d issey	191	0	0	(non mesuré)
parfums-de-marly-pegasus	parfum de marly pegasus	191	0	0	(non mesuré)
prada-luna-rossa-carbon	luna rossa carbon prada	191	0	0	(non mesuré)
coach-coach-floral	coach floral	170	0	0	(non mesuré)
diptyque-lombre-dans-leau	l ombre dans l eau	170	0	0	(non mesuré)
escentric-molecules-molecule-02	molecule 02	170	0	0	(non mesuré)
estee-lauder-beautiful	beautiful estee lauder	170	0	0	(non mesuré)
estee-lauder-youth-dew	youth dew	170	0	0	(non mesuré)
gucci-gucci-pour-homme-ii	gucci pour homme 2	170	0	0	(non mesuré)
narciso-rodriguez-narciso	narciso eau de parfum	170	0	0	(non mesuré)
parfums-de-marly-oriana	oriana parfum de marly	170	0	0	(non mesuré)
by-kilian-love-dont-be-shy	kilian love	140	0	0	(non mesuré)
calvin-klein-ck-eternity-for-men	eternity for men	140	0	0	(non mesuré)
jo-malone-lime-basil-mandarin	lime basil mandarin jo malone	140	0	0	(non mesuré)
initio-parfums-prives-side-effect	initio side effect	118	0	0	(non mesuré)
atelier-cologne-clementine-california	atelier cologne clementine california	110	0	0	(non mesuré)
britney-spears-fantasy	fantasy britney spears	110	0	0	(non mesuré)
carolina-herrera-good-girl-supreme	good girl supreme carolina herrera	110	0	0	(non mesuré)
le-labo-rose-31	le labo rose 31	110	0	0	(non mesuré)
parfums-de-marly-percival	parfum de marly percival	110	0	0	(non mesuré)
penhaligons-blenheim-bouquet	blenheim bouquet	110	0	0	(non mesuré)
versace-dylan-turquoise	versace dylan turquoise	100	0	0	(non mesuré)
byredo-super-cedar	byredo super cedar	90	0	0	(non mesuré)
dolce-gabbana-d-g-light-blue-pour-homme	light blue homme	90	0	0	(non mesuré)
lattafa-raghba	raghba lattafa	90	0	0	(non mesuré)
maison-margiela-replica-coffee-break	coffee break margiela	90	0	0	(non mesuré)
dolce-gabbana-dolce	dolce dolce gabbana	70	0	0	(non mesuré)
kenzo-leau-par-kenzo	eau par kenzo	70	0	0	(non mesuré)
parfums-de-marly-carlisle	carlisle parfums de marly	70	0	0	(non mesuré)
parfums-de-marly-layton-exclusif	layton exclusif	70	0	0	(non mesuré)
parfums-de-marly-safanad	parfums de marly safanad	70	0	0	(non mesuré)
ralph-lauren-polo-red	polo red	70	0	0	(non mesuré)
elizabeth-taylor-white-diamonds	elizabeth taylor white diamonds	50	0	0	(non mesuré)
initio-parfums-prives-musk-therapy	musk therapy initio	50	0	0	(non mesuré)
le-labo-bergamote-22	bergamote 22	50	0	0	(non mesuré)
parfums-de-marly-oajan	oajan parfums de marly	50	0	0	(non mesuré)
parfums-de-marly-pegasus-exclusif	pegasus exclusif	50	0	0	(non mesuré)
jennifer-lopez-glow	glow jlo	45	0	0	(non mesuré)
initio-parfums-prives-rehab	initio rehab	40	0	0	(non mesuré)
parfums-de-marly-godolphin	parfum de marly godolphin	40	0	0	(non mesuré)
parfums-de-marly-haltane	haltane parfums de marly	40	0	0	(non mesuré)
salvatore-ferragamo-signorina	signorina ferragamo	40	0	0	(non mesuré)
amouage-epic-man	amouage epic man	30	0	0	(non mesuré)
parfums-de-marly-darley	darley parfums de marly	30	0	0	(non mesuré)
parfums-de-marly-habdan	habdan parfums de marly	30	0	0	(non mesuré)
parfums-de-marly-meliora	meliora parfum de marly	30	0	0	(non mesuré)
parfums-de-marly-sedley	parfum de marly sedley	30	0	0	(non mesuré)
dior-fahrenheit-le-parfum	dior fahrenheit le parfum	20	0	0	(non mesuré)
jo-malone-peony-blush-suede	jo malone peony	20	0	0	(non mesuré)
jo-malone-wood-sage-sea-salt	jo malone wood sage	20	0	0	(non mesuré)
parfums-de-marly-athalia	parfum de marly athalia	20	0	0	(non mesuré)
parfums-de-marly-galloway	galloway parfums de marly	20	0	0	(non mesuré)
parfums-de-marly-greenley	greenley parfums de marly	20	0	0	(non mesuré)
parfums-de-marly-kalan	kalan parfum de marly	20	0	0	(non mesuré)
amouage-jubilation-xxv-man	amouage jubilation xxv man	10	0	0	(non mesuré)
maison-francis-kurkdjian-petit-matin	mfk petit matin	10	0	0	(non mesuré)
parfums-de-marly-cassili	cassili parfums de marly	10	0	0	(non mesuré)
parfums-de-marly-darcy	darcy parfums de marly	10	0	0	(non mesuré)
parfums-de-marly-delina-la-rosee	parfums de marly delina la rosee	10	0	0	(non mesuré)
parfums-de-marly-ispazon	parfums de marly ispazon	10	0	0	(non mesuré)
parfums-de-marly-lippizan	parfums de marly lippizan	10	0	0	(non mesuré)
parfums-de-marly-nisean	nisean parfums de marly	10	0	0	(non mesuré)
parfums-de-marly-shagya	parfum de marly shagya	10	0	0	(non mesuré)
burberry-her-elixir		0	0	0	(non mesuré)
byredo-bal-dafrique		0	0	0	(non mesuré)
byredo-rose-of-no-mans-land		0	0	0	(non mesuré)
caron-tabac-blond		0	0	0	(non mesuré)
dior-dior-addict		0	0	0	(non mesuré)
hermes-rouge		0	0	0	(non mesuré)
hermes-twilly-dhermes		0	0	0	(non mesuré)
issey-miyake-a-drop-dissey		0	0	0	(non mesuré)
paco-rabanne-fame		0	0	0	(non mesuré)
parfums-de-marly-akaster		0	0	0	(non mesuré)
parfums-de-marly-althair		0	0	0	(non mesuré)
parfums-de-marly-byerley		0	0	0	(non mesuré)
parfums-de-marly-carios		0	0	0	(non mesuré)
parfums-de-marly-eragon		0	0	0	(non mesuré)
parfums-de-marly-hamdani		0	0	0	(non mesuré)
parfums-de-marly-kuhuyan		0	0	0	(non mesuré)
parfums-de-marly-palatine		0	0	0	(non mesuré)
parfums-de-marly-perseus		0	0	0	(non mesuré)
parfums-de-marly-valaya		0	0	0	(non mesuré)
parfums-de-marly-valero		0	0	0	(non mesuré)
penhaligons-halfeti		0	0	0	(non mesuré)
rihanna-rebl-fleur		0	0	0	(non mesuré)
tom-ford-fucking-fabulous		0	0	0	(non mesuré)
versace-eros		0	0	0	
yves-saint-laurent-myslf		0	0	0	(non mesuré)
